INSERT INTO ponies_kind (id, name) VALUES (1,'Alicorn ');
INSERT INTO ponies_kind (id, name) VALUES (2,' Unicorn ');
INSERT INTO ponies_kind (id, name) VALUES (3,' Human ');
INSERT INTO ponies_kind (id, name) VALUES (4,'Earth');
INSERT INTO ponies_kind (id, name) VALUES (5,'Pegasus');
INSERT INTO ponies_kind (id, name) VALUES (6,'Unicorn');
INSERT INTO ponies_kind (id, name) VALUES (7,'Earth Human ');
INSERT INTO ponies_kind (id, name) VALUES (8,'Dragon Dog ');
INSERT INTO ponies_kind (id, name) VALUES (9,' Pegasus ');
INSERT INTO ponies_kind (id, name) VALUES (10,'Griffon');
INSERT INTO ponies_kind (id, name) VALUES (11,'Alicorn');
INSERT INTO ponies_kind (id, name) VALUES (12,'Unicorn Human ');
INSERT INTO ponies_kind (id, name) VALUES (13,'Alicorn Pegasus ');
INSERT INTO ponies_kind (id, name) VALUES (14,'Yak');
INSERT INTO ponies_kind (id, name) VALUES (15,'Dragon');
INSERT INTO ponies_kind (id, name) VALUES (16,'Changeling');
INSERT INTO ponies_kind (id, name) VALUES (17,'Seapony Hippogriff');
INSERT INTO ponies_kind (id, name) VALUES (18,'Crystal Unicorn');
INSERT INTO ponies_kind (id, name) VALUES (19,'Hippogriff Seapony');
INSERT INTO ponies_kind (id, name) VALUES (20,'Earth Pegasus ');
INSERT INTO ponies_kind (id, name) VALUES (21,'Pegasus Earth ');
INSERT INTO ponies_kind (id, name) VALUES (22,'Changeling Human ');
INSERT INTO ponies_kind (id, name) VALUES (23,'[1]');
INSERT INTO ponies_kind (id, name) VALUES (24,'Unicorn Umbrum ');
INSERT INTO ponies_kind (id, name) VALUES (25,'Centaur[1]');
INSERT INTO ponies_kind (id, name) VALUES (26,'Siren Human ');
INSERT INTO ponies_kind (id, name) VALUES (27,' Earth ');
INSERT INTO ponies_kind (id, name) VALUES (28,'Pegasus Alicorn ');
INSERT INTO ponies_kind (id, name) VALUES (29,'Ram');
INSERT INTO ponies_kind (id, name) VALUES (30,'Draconequus');
INSERT INTO ponies_kind (id, name) VALUES (31,'Ahuizotl');
INSERT INTO ponies_kind (id, name) VALUES (32,'Earth ');
INSERT INTO ponies_kind (id, name) VALUES (33,'Human Earth pony ');
INSERT INTO ponies_kind (id, name) VALUES (34,'Unicorn Shadow pony ');
INSERT INTO ponies_kind (id, name) VALUES (35,'Unicorn Earth');
INSERT INTO ponies_kind (id, name) VALUES (36,'Hedgehog');
INSERT INTO ponies_kind (id, name) VALUES (37,'Human Earth pony');
INSERT INTO ponies_kind (id, name) VALUES (38,'Human');
INSERT INTO ponies_kind (id, name) VALUES (39,'Pegasus Human ');
INSERT INTO ponies_kind (id, name) VALUES (40,'Dog Human ');
INSERT INTO ponies_kind (id, name) VALUES (41,'Earth Unicorn ');
INSERT INTO ponies_kind (id, name) VALUES (42,'Pegasus Unicorn');
INSERT INTO ponies_kind (id, name) VALUES (43,'Unicorn Earth ');
INSERT INTO ponies_kind (id, name) VALUES (44,'Earth Unicorn');
INSERT INTO ponies_kind (id, name) VALUES (45,'Various');
INSERT INTO ponies_kind (id, name) VALUES (46,'Unicorn ');
INSERT INTO ponies_kind (id, name) VALUES (47,'Earth Unicorn Pegasus Human ');
INSERT INTO ponies_kind (id, name) VALUES (48,'Earth Pegasus');
INSERT INTO ponies_kind (id, name) VALUES (49,'Kirin');
INSERT INTO ponies_kind (id, name) VALUES (50,'Pegasus ');
INSERT INTO ponies_kind (id, name) VALUES (51,'Pony Human ');
INSERT INTO ponies_kind (id, name) VALUES (52,'Gremlin ');
INSERT INTO ponies_kind (id, name) VALUES (53,'Nyx');
INSERT INTO ponies_kind (id, name) VALUES (54,'Bull');
INSERT INTO ponies_kind (id, name) VALUES (55,'Tree');
INSERT INTO ponies_kind (id, name) VALUES (56,'Earth Unicorn Pegasus');
INSERT INTO ponies_kind (id, name) VALUES (57,'Zebra Human ');
INSERT INTO ponies_kind (id, name) VALUES (58,'Donkey');
INSERT INTO ponies_kind (id, name) VALUES (59,'Mule');
INSERT INTO ponies_kind (id, name) VALUES (60,'Breezie');
INSERT INTO ponies_kind (id, name) VALUES (61,'Hippogriff');
INSERT INTO ponies_kind (id, name) VALUES (62,'Sea serpent');
INSERT INTO ponies_kind (id, name) VALUES (63,'Buffalo');
INSERT INTO ponies_kind (id, name) VALUES (64,'Minotaur');
INSERT INTO ponies_kind (id, name) VALUES (65,'Gargoyle');
INSERT INTO ponies_kind (id, name) VALUES (66,'Cat');
INSERT INTO ponies_kind (id, name) VALUES (67,'Parrot');
INSERT INTO ponies_kind (id, name) VALUES (68,'Human Pegasus');
INSERT INTO ponies_kind (id, name) VALUES (69,'Human Earth');
INSERT INTO ponies_kind (id, name) VALUES (70,'Human Unicorn');
INSERT INTO ponies_kind (id, name) VALUES (71,'Bird');
INSERT INTO ponies_kind (id, name) VALUES (72,'Rabbit');
INSERT INTO ponies_kind (id, name) VALUES (73,'Collie');
INSERT INTO ponies_kind (id, name) VALUES (74,'Persian cat');
INSERT INTO ponies_kind (id, name) VALUES (75,'Alligator');
INSERT INTO ponies_kind (id, name) VALUES (76,'Phoenix');
INSERT INTO ponies_kind (id, name) VALUES (77,'Owl');
INSERT INTO ponies_kind (id, name) VALUES (78,'Bear');
INSERT INTO ponies_kind (id, name) VALUES (79,'Tortoise');
INSERT INTO ponies_kind (id, name) VALUES (80,'Dog');
INSERT INTO ponies_kind (id, name) VALUES (81,'');
INSERT INTO ponies_kind (id, name) VALUES (82,'Raccoon');
INSERT INTO ponies_kind (id, name) VALUES (83,'Fish');
INSERT INTO ponies_kind (id, name) VALUES (84,'Spirit');
INSERT INTO ponies_kind (id, name) VALUES (85,'Three0headed dog');
INSERT INTO ponies_kind (id, name) VALUES (86,'Cow');




INSERT INTO ponies_place (id, name) VALUES (1,'Canterlot ');
INSERT INTO ponies_place (id, name) VALUES (2,' Castle of Friendship, Ponyville ');
INSERT INTO ponies_place (id, name) VALUES (3,' Golden Oak Library, Ponyville ');
INSERT INTO ponies_place (id, name) VALUES (4,' Crystal Princess Palace ');
INSERT INTO ponies_place (id, name) VALUES (5,'Sweet Apple Acres');
INSERT INTO ponies_place (id, name) VALUES (6,'Outside of Ponyville, in a cottage near the Everfree Forest Cloudsdale ');
INSERT INTO ponies_place (id, name) VALUES (7,'Carousel Boutique, Ponyville');
INSERT INTO ponies_place (id, name) VALUES (8,'Sugarcube Corner, Ponyville Pie Family Rock Farm, Rockville, Western Equestria ');
INSERT INTO ponies_place (id, name) VALUES (9,'Cloudominium over Ponyville Cloudsdale ');
INSERT INTO ponies_place (id, name) VALUES (10,'Canterlot ');
INSERT INTO ponies_place (id, name) VALUES (11,' Castle of Friendship ');
INSERT INTO ponies_place (id, name) VALUES (12,' Golden Oak Library, Ponyville ');
INSERT INTO ponies_place (id, name) VALUES (13,'Maretime Bay');
INSERT INTO ponies_place (id, name) VALUES (14,'Bridlewood Forest');
INSERT INTO ponies_place (id, name) VALUES (15,'Maretime Bay');
INSERT INTO ponies_place (id, name) VALUES (16,'Zephyr Heights');
INSERT INTO ponies_place (id, name) VALUES (17,'Zephyr Heights');
INSERT INTO ponies_place (id, name) VALUES (18,'Sweet Apple Acres');
INSERT INTO ponies_place (id, name) VALUES (19,'A house in Ponyville');
INSERT INTO ponies_place (id, name) VALUES (20,'Manehattan Farrier Hill, Hooflyn ');
INSERT INTO ponies_place (id, name) VALUES (21,'Griffonstone');
INSERT INTO ponies_place (id, name) VALUES (22,'Maretime Manorilver Shoals ');
INSERT INTO ponies_place (id, name) VALUES (23,' Canterlot ');
INSERT INTO ponies_place (id, name) VALUES (24,' Castle of the Two Sisters ');
INSERT INTO ponies_place (id, name) VALUES (25,'Maretime Manorilver Shoals ');
INSERT INTO ponies_place (id, name) VALUES (26,' Canterlot ');
INSERT INTO ponies_place (id, name) VALUES (27,' Moon ');
INSERT INTO ponies_place (id, name) VALUES (28,' Castle of the Two Sisters ');
INSERT INTO ponies_place (id, name) VALUES (29,'Canterlot');
INSERT INTO ponies_place (id, name) VALUES (30,'Crystal Empire Canterlot ');
INSERT INTO ponies_place (id, name) VALUES (31,'Crystal Empire Canterlot ');
INSERT INTO ponies_place (id, name) VALUES (32,'[2]');
INSERT INTO ponies_place (id, name) VALUES (33,'Crystal Empire');
INSERT INTO ponies_place (id, name) VALUES (34,'Dragon Lands');
INSERT INTO ponies_place (id, name) VALUES (35,'Changeling Kingdom Crystal Empire ');
INSERT INTO ponies_place (id, name) VALUES (36,'Seaquestria Hippogriffia ');
INSERT INTO ponies_place (id, name) VALUES (37,'Seaquestria Hippogriffia');
INSERT INTO ponies_place (id, name) VALUES (38,'Crystal Empire ');
INSERT INTO ponies_place (id, name) VALUES (39,'Sweet Apple Acres');
INSERT INTO ponies_place (id, name) VALUES (40,'Sweet Apple Acres');
INSERT INTO ponies_place (id, name) VALUES (41,'Appleloosa');
INSERT INTO ponies_place (id, name) VALUES (42,'Manehattan');
INSERT INTO ponies_place (id, name) VALUES (43,'Silver Stable Retirement Community');
INSERT INTO ponies_place (id, name) VALUES (44,'A cabin not far from Ponyville Sweet Apple Acres ');
INSERT INTO ponies_place (id, name) VALUES (45,'Sweet Apple Acres');
INSERT INTO ponies_place (id, name) VALUES (46,'Pie Family Rock Farm, Rockville, Western Equestria');
INSERT INTO ponies_place (id, name) VALUES (47,'Pie Family Rock Farm, Rockville, Western Equestria');
INSERT INTO ponies_place (id, name) VALUES (48,'Crystal cave near Ponyville ');
INSERT INTO ponies_place (id, name) VALUES (49,' Pie Family Rock Farm, Rockville, Western Equestria ');
INSERT INTO ponies_place (id, name) VALUES (50,'Cloudsdale');
INSERT INTO ponies_place (id, name) VALUES (51,'Cloudsdale Ponyville ');
INSERT INTO ponies_place (id, name) VALUES (52,'Ponyville');
INSERT INTO ponies_place (id, name) VALUES (53,'Sugarcube Corner, Ponyville');
INSERT INTO ponies_place (id, name) VALUES (54,'Canterlot ');
INSERT INTO ponies_place (id, name) VALUES (55,' School of Friendship, Ponyville ');
INSERT INTO ponies_place (id, name) VALUES (56,' Griffonstone ');
INSERT INTO ponies_place (id, name) VALUES (57,'School of Friendship, Ponyville ');
INSERT INTO ponies_place (id, name) VALUES (58,' Seaquestria ');
INSERT INTO ponies_place (id, name) VALUES (59,'School of Friendship, Ponyville ');
INSERT INTO ponies_place (id, name) VALUES (60,' Dragon Lands ');
INSERT INTO ponies_place (id, name) VALUES (61,'Ponyville ');
INSERT INTO ponies_place (id, name) VALUES (62,' School of Friendship, Ponyville ');
INSERT INTO ponies_place (id, name) VALUES (63,' Yakyakistan ');
INSERT INTO ponies_place (id, name) VALUES (64,'Ponyville');
INSERT INTO ponies_place (id, name) VALUES (65,'School of Friendship, Ponyville ');
INSERT INTO ponies_place (id, name) VALUES (66,' Changeling Kingdom ');
INSERT INTO ponies_place (id, name) VALUES (67,'Canterlot ');
INSERT INTO ponies_place (id, name) VALUES (68,' School of Friendship, Ponyville ');
INSERT INTO ponies_place (id, name) VALUES (69,' Griffonstone ');
INSERT INTO ponies_place (id, name) VALUES (70,'School of Friendship, Ponyville ');
INSERT INTO ponies_place (id, name) VALUES (71,' Seaquestria ');
INSERT INTO ponies_place (id, name) VALUES (72,'School of Friendship, Ponyville ');
INSERT INTO ponies_place (id, name) VALUES (73,' Dragon Lands ');
INSERT INTO ponies_place (id, name) VALUES (74,'Ponyville ');
INSERT INTO ponies_place (id, name) VALUES (75,' School of Friendship, Ponyville ');
INSERT INTO ponies_place (id, name) VALUES (76,' Yakyakistan ');
INSERT INTO ponies_place (id, name) VALUES (77,'Ponyville');
INSERT INTO ponies_place (id, name) VALUES (78,'School of Friendship, Ponyville ');
INSERT INTO ponies_place (id, name) VALUES (79,' Changeling Kingdom ');
INSERT INTO ponies_place (id, name) VALUES (80,'Ponyville');
INSERT INTO ponies_place (id, name) VALUES (81,'Ponyville');
INSERT INTO ponies_place (id, name) VALUES (82,'Ponyville');
INSERT INTO ponies_place (id, name) VALUES (83,'With her family[1] in Ponyville');
INSERT INTO ponies_place (id, name) VALUES (84,'Ponyville');
INSERT INTO ponies_place (id, name) VALUES (85,'Ponyville');
INSERT INTO ponies_place (id, name) VALUES (86,'Ponyville');
INSERT INTO ponies_place (id, name) VALUES (87,'Ponyville Trottingham ');
INSERT INTO ponies_place (id, name) VALUES (88,'Ponyville');
INSERT INTO ponies_place (id, name) VALUES (89,'Ponyville');
INSERT INTO ponies_place (id, name) VALUES (90,'Ponyville');
INSERT INTO ponies_place (id, name) VALUES (91,'Maretime Manorilver Shoals ');
INSERT INTO ponies_place (id, name) VALUES (92,' Canterlot ');
INSERT INTO ponies_place (id, name) VALUES (93,' Moon ');
INSERT INTO ponies_place (id, name) VALUES (94,' Castle of the Two Sisters ');
INSERT INTO ponies_place (id, name) VALUES (95,'Grogar\'s lair ');
INSERT INTO ponies_place (id, name) VALUES (96,' Changeling Kingdom ');
INSERT INTO ponies_place (id, name) VALUES (97,'Crystal Empire ');
INSERT INTO ponies_place (id, name) VALUES (98,' Canterlot ');
INSERT INTO ponies_place (id, name) VALUES (99,'Grogar\'s lair ');
INSERT INTO ponies_place (id, name) VALUES (100,' Tartarus ');
INSERT INTO ponies_place (id, name) VALUES (101,' "A distant land" ');
INSERT INTO ponies_place (id, name) VALUES (102,'Human world Equestria ');
INSERT INTO ponies_place (id, name) VALUES (103,'Human world Equestria ');
INSERT INTO ponies_place (id, name) VALUES (104,'Human world Equestria ');
INSERT INTO ponies_place (id, name) VALUES (105,'"The lands beyond Equestria"');
INSERT INTO ponies_place (id, name) VALUES (106,'Grogar\'s lair ');
INSERT INTO ponies_place (id, name) VALUES (107,' Tartarus ');
INSERT INTO ponies_place (id, name) VALUES (108,' Ponyville ');
INSERT INTO ponies_place (id, name) VALUES (109,'Skullshaped lair');
INSERT INTO ponies_place (id, name) VALUES (110,'Griffonstone Cloudsdale ');
INSERT INTO ponies_place (id, name) VALUES (111,'A house in Chaosville Canterlot sculpture garden ');
INSERT INTO ponies_place (id, name) VALUES (112,'Tenochtitlan Basin');
INSERT INTO ponies_place (id, name) VALUES (113,'Dragon Lands');
INSERT INTO ponies_place (id, name) VALUES (114,'House, "downtown/ the more run down/older lower rent area", Canterlot City, human world Canterlot, Equestria ');
INSERT INTO ponies_place (id, name) VALUES (115,'Castle of Friendship, Ponyville ');
INSERT INTO ponies_place (id, name) VALUES (116,' Our Town ');
INSERT INTO ponies_place (id, name) VALUES (117,' Sire\'s Hollow ');
INSERT INTO ponies_place (id, name) VALUES (118,'Human world');
INSERT INTO ponies_place (id, name) VALUES (119,'Hollow Shades');
INSERT INTO ponies_place (id, name) VALUES (120,'Unnamed town ');
INSERT INTO ponies_place (id, name) VALUES (121,'Cloudsdale');
INSERT INTO ponies_place (id, name) VALUES (122,'Maretropolis');
INSERT INTO ponies_place (id, name) VALUES (123,'Manehattan Ponyville ');
INSERT INTO ponies_place (id, name) VALUES (124,'Manehattan');
INSERT INTO ponies_place (id, name) VALUES (125,'Las Pegasus');
INSERT INTO ponies_place (id, name) VALUES (126,'Cave Systems, including in the Appaloosan Mountains Dimondia Caninia');
INSERT INTO ponies_place (id, name) VALUES (127,'Human world');
INSERT INTO ponies_place (id, name) VALUES (128,'Dragon Lands');
INSERT INTO ponies_place (id, name) VALUES (129,'Canterlot');
INSERT INTO ponies_place (id, name) VALUES (130,'Canterlot');
INSERT INTO ponies_place (id, name) VALUES (131,'Canterlot');
INSERT INTO ponies_place (id, name) VALUES (132,'A house in the forest northwest of the Galloping Gorge and northeast of Vanhoover, not far from the Fortress of Talacon in Tenochtitlan Basin[1]');
INSERT INTO ponies_place (id, name) VALUES (133,'Manehattan');
INSERT INTO ponies_place (id, name) VALUES (134,'Manehattan');
INSERT INTO ponies_place (id, name) VALUES (135,'Canterlot');
INSERT INTO ponies_place (id, name) VALUES (136,'Manehattan[1]');
INSERT INTO ponies_place (id, name) VALUES (137,'Ponyville');
INSERT INTO ponies_place (id, name) VALUES (138,'Ponyville');
INSERT INTO ponies_place (id, name) VALUES (139,'Hayseed Swamp');
INSERT INTO ponies_place (id, name) VALUES (140,'Canterlot Cloudsdale ');
INSERT INTO ponies_place (id, name) VALUES (141,'Crystal Empire Unnamed village ');
INSERT INTO ponies_place (id, name) VALUES (142,'Unnamed village at the foot of a volcano');
INSERT INTO ponies_place (id, name) VALUES (143,'Somnambula');
INSERT INTO ponies_place (id, name) VALUES (144,'Hayseed Swamp');
INSERT INTO ponies_place (id, name) VALUES (145,'Canterlot Cloudsdale ');
INSERT INTO ponies_place (id, name) VALUES (146,'Crystal Empire Unnamed village ');
INSERT INTO ponies_place (id, name) VALUES (147,'Unnamed village at the foot of a volcano');
INSERT INTO ponies_place (id, name) VALUES (148,'Somnambula');
INSERT INTO ponies_place (id, name) VALUES (149,'Various locations');
INSERT INTO ponies_place (id, name) VALUES (150,'Ponyville Canterlot ');
INSERT INTO ponies_place (id, name) VALUES (151,'Ponyville With Lugnut\'s father\'s sister\'s cousin (formerly, Friendship is Magic Issue #10) Canterlot (formerly, Friendship is Magic Issue #12)');
INSERT INTO ponies_place (id, name) VALUES (152,'Ponyville');
INSERT INTO ponies_place (id, name) VALUES (153,'Appleloosa');
INSERT INTO ponies_place (id, name) VALUES (154,'Ponyville');
INSERT INTO ponies_place (id, name) VALUES (155,'Canterlot');
INSERT INTO ponies_place (id, name) VALUES (156,'Canterlot');
INSERT INTO ponies_place (id, name) VALUES (157,'Canterlot');
INSERT INTO ponies_place (id, name) VALUES (158,'Ponyville');
INSERT INTO ponies_place (id, name) VALUES (159,'Dodge Junction');
INSERT INTO ponies_place (id, name) VALUES (160,'Mustangia');
INSERT INTO ponies_place (id, name) VALUES (161,'Manehattan');
INSERT INTO ponies_place (id, name) VALUES (162,'Ponyville ');
INSERT INTO ponies_place (id, name) VALUES (163,' Manehattan ');
INSERT INTO ponies_place (id, name) VALUES (164,'Manehattan');
INSERT INTO ponies_place (id, name) VALUES (165,'Our Town');
INSERT INTO ponies_place (id, name) VALUES (166,'Our Town');
INSERT INTO ponies_place (id, name) VALUES (167,'Our Town');
INSERT INTO ponies_place (id, name) VALUES (168,'Sweet Apple Acres, Ponyville ');
INSERT INTO ponies_place (id, name) VALUES (169,' Our Town ');
INSERT INTO ponies_place (id, name) VALUES (170,'Appleloosa');
INSERT INTO ponies_place (id, name) VALUES (171,'Canterlot');
INSERT INTO ponies_place (id, name) VALUES (172,'Canterlot Trottingham ');
INSERT INTO ponies_place (id, name) VALUES (173,'Smokey Mountains');
INSERT INTO ponies_place (id, name) VALUES (174,'Ponyville ');
INSERT INTO ponies_place (id, name) VALUES (175,' Crystal Empire ');
INSERT INTO ponies_place (id, name) VALUES (176,' Sire\'s Hollow ');
INSERT INTO ponies_place (id, name) VALUES (177,'Sire\'s Hollow');
INSERT INTO ponies_place (id, name) VALUES (178,'Manehattan');
INSERT INTO ponies_place (id, name) VALUES (179,'Canterlot');
INSERT INTO ponies_place (id, name) VALUES (180,'Ponyville');
INSERT INTO ponies_place (id, name) VALUES (181,'Stratusburg');
INSERT INTO ponies_place (id, name) VALUES (182,'Stratusburg');
INSERT INTO ponies_place (id, name) VALUES (183,'Cloudsdale');
INSERT INTO ponies_place (id, name) VALUES (184,'Our Town');
INSERT INTO ponies_place (id, name) VALUES (185,'Ponyville Vanhoover ');
INSERT INTO ponies_place (id, name) VALUES (186,'Las Pegasus');
INSERT INTO ponies_place (id, name) VALUES (187,'Sire\'s Hollow');
INSERT INTO ponies_place (id, name) VALUES (188,'Kirin village');
INSERT INTO ponies_place (id, name) VALUES (189,'Ponyville House "a few stops from" Ponyville ');
INSERT INTO ponies_place (id, name) VALUES (190,'Shire Lanka');
INSERT INTO ponies_place (id, name) VALUES (191,'Ponyville Canterlot ');
INSERT INTO ponies_place (id, name) VALUES (192,'Manehattan Fillydelphia ');
INSERT INTO ponies_place (id, name) VALUES (193,'Maretropolis Alfalfis (Mistress Marevelous, formerly)');
INSERT INTO ponies_place (id, name) VALUES (194,'Crystal Empire ');
INSERT INTO ponies_place (id, name) VALUES (195,'Las Pegasus');
INSERT INTO ponies_place (id, name) VALUES (196,'Nightmare Dreamscape');
INSERT INTO ponies_place (id, name) VALUES (197,'Carousel Boutique, Ponyville');
INSERT INTO ponies_place (id, name) VALUES (198,'Manehattan');
INSERT INTO ponies_place (id, name) VALUES (199,'Horseshoe Hill ');
INSERT INTO ponies_place (id, name) VALUES (200,' Trotsylvania ');
INSERT INTO ponies_place (id, name) VALUES (201,'Family castle ');
INSERT INTO ponies_place (id, name) VALUES (202,'Appleloosa Sweet Apple Acres ');
INSERT INTO ponies_place (id, name) VALUES (203,'Appleloosa Sweet Apple Acres ');
INSERT INTO ponies_place (id, name) VALUES (204,'Appleloosa Sweet Apple Acres ');
INSERT INTO ponies_place (id, name) VALUES (205,'Appleloosa Sweet Apple Acres ');
INSERT INTO ponies_place (id, name) VALUES (206,'Appleloosa Sweet Apple Acres ');
INSERT INTO ponies_place (id, name) VALUES (207,'Appleloosa Sweet Apple Acres ');
INSERT INTO ponies_place (id, name) VALUES (208,'Appleloosa Sweet Apple Acres ');
INSERT INTO ponies_place (id, name) VALUES (209,'Appleloosa Sweet Apple Acres ');
INSERT INTO ponies_place (id, name) VALUES (210,'Appleloosa Sweet Apple Acres ');
INSERT INTO ponies_place (id, name) VALUES (211,'Appleloosa Sweet Apple Acres ');
INSERT INTO ponies_place (id, name) VALUES (212,'Everfree Forest Zebrat, Farasi ');
INSERT INTO ponies_place (id, name) VALUES (213,'In a cottage outside Ponyville');
INSERT INTO ponies_place (id, name) VALUES (214,'Ponyville');
INSERT INTO ponies_place (id, name) VALUES (215,'Breezie Village');
INSERT INTO ponies_place (id, name) VALUES (216,'Changeling Kingdom');
INSERT INTO ponies_place (id, name) VALUES (217,'Mount Aris Seaquestria');
INSERT INTO ponies_place (id, name) VALUES (218,'Mount Aris');
INSERT INTO ponies_place (id, name) VALUES (219,'Everfree Forest river');
INSERT INTO ponies_place (id, name) VALUES (220,'Tribe near Appleloosa');
INSERT INTO ponies_place (id, name) VALUES (221,'Tribe near Appleloosa');
INSERT INTO ponies_place (id, name) VALUES (222,'"A distant land"');
INSERT INTO ponies_place (id, name) VALUES (223,'Griffonstone');
INSERT INTO ponies_place (id, name) VALUES (224,'Griffonstone');
INSERT INTO ponies_place (id, name) VALUES (225,'Klugetown Panthera, Abyssinia ');
INSERT INTO ponies_place (id, name) VALUES (226,'Ornithia ');
INSERT INTO ponies_place (id, name) VALUES (227,'Human world');
INSERT INTO ponies_place (id, name) VALUES (228,'Human world');
INSERT INTO ponies_place (id, name) VALUES (229,'Human world');
INSERT INTO ponies_place (id, name) VALUES (230,'Human world');
INSERT INTO ponies_place (id, name) VALUES (231,'Human world');
INSERT INTO ponies_place (id, name) VALUES (232,'Human world');
INSERT INTO ponies_place (id, name) VALUES (233,'Human world');
INSERT INTO ponies_place (id, name) VALUES (234,'Human world');
INSERT INTO ponies_place (id, name) VALUES (235,'Human world');
INSERT INTO ponies_place (id, name) VALUES (236,'Human world');
INSERT INTO ponies_place (id, name) VALUES (237,'Human world');
INSERT INTO ponies_place (id, name) VALUES (238,'Human world');
INSERT INTO ponies_place (id, name) VALUES (239,'Human world');
INSERT INTO ponies_place (id, name) VALUES (240,'Human world');
INSERT INTO ponies_place (id, name) VALUES (241,'Human world');
INSERT INTO ponies_place (id, name) VALUES (242,'Human world');
INSERT INTO ponies_place (id, name) VALUES (243,'Human world');
INSERT INTO ponies_place (id, name) VALUES (244,'Human world');
INSERT INTO ponies_place (id, name) VALUES (245,'Human world');
INSERT INTO ponies_place (id, name) VALUES (246,'Human world');
INSERT INTO ponies_place (id, name) VALUES (247,'Human world');
INSERT INTO ponies_place (id, name) VALUES (248,'Human world');
INSERT INTO ponies_place (id, name) VALUES (249,'Human world');
INSERT INTO ponies_place (id, name) VALUES (250,'Human world');
INSERT INTO ponies_place (id, name) VALUES (251,'Human world');
INSERT INTO ponies_place (id, name) VALUES (252,'Human world');
INSERT INTO ponies_place (id, name) VALUES (253,'Canterlot, human world');
INSERT INTO ponies_place (id, name) VALUES (254,'Human world');
INSERT INTO ponies_place (id, name) VALUES (255,'Human world');
INSERT INTO ponies_place (id, name) VALUES (256,'Human world');
INSERT INTO ponies_place (id, name) VALUES (257,'Human world');
INSERT INTO ponies_place (id, name) VALUES (258,'Human world');
INSERT INTO ponies_place (id, name) VALUES (259,'Human world');
INSERT INTO ponies_place (id, name) VALUES (260,'Human world');
INSERT INTO ponies_place (id, name) VALUES (261,'Human world');
INSERT INTO ponies_place (id, name) VALUES (262,'Treehung "house" near Fluttershy\'s Cottage (as of The Quest for the Lost Toy!)');
INSERT INTO ponies_place (id, name) VALUES (263,'Fluttershy\'s Cottage');
INSERT INTO ponies_place (id, name) VALUES (264,'Human world');
INSERT INTO ponies_place (id, name) VALUES (265,'Manehattan');
INSERT INTO ponies_place (id, name) VALUES (266,'Breezie Village');
INSERT INTO ponies_place (id, name) VALUES (267,'Changeling Kingdom');
INSERT INTO ponies_place (id, name) VALUES (268,'Tenochtitlan Basin');
INSERT INTO ponies_place (id, name) VALUES (269,'Dragon Lands Caves Volcanoes Dragon Town, Fillydelphia');
INSERT INTO ponies_place (id, name) VALUES (270,'Tenochtitlan Basin');
INSERT INTO ponies_place (id, name) VALUES (271,'Griffonstone');
INSERT INTO ponies_place (id, name) VALUES (272,'Tenochtitlan Basin');
INSERT INTO ponies_place (id, name) VALUES (273,'Unknown forest near a volcanic region');
INSERT INTO ponies_place (id, name) VALUES (274,'Tenochtitlan Basin');
INSERT INTO ponies_place (id, name) VALUES (275,'Seaquestria Aquastria');
INSERT INTO ponies_place (id, name) VALUES (276,'Tenochtitlan Basin');
INSERT INTO ponies_place (id, name) VALUES (277,'Everfree Forest');
INSERT INTO ponies_place (id, name) VALUES (278,'Tenochtitlan Basin');
INSERT INTO ponies_place (id, name) VALUES (279,'Tenochtitlan Basin');
INSERT INTO ponies_place (id, name) VALUES (280,'Tenochtitlan Basin');
INSERT INTO ponies_place (id, name) VALUES (281,'Tenochtitlan Basin');
INSERT INTO ponies_place (id, name) VALUES (282,'Tartarus');
INSERT INTO ponies_place (id, name) VALUES (283,'Tenochtitlan Basin');
INSERT INTO ponies_place (id, name) VALUES (284,'Tenochtitlan Basin');
INSERT INTO ponies_place (id, name) VALUES (285,'Tenochtitlan Basin');
INSERT INTO ponies_place (id, name) VALUES (286,'Tenochtitlan Basin');
INSERT INTO ponies_place (id, name) VALUES (287,'Tenochtitlan Basin');
INSERT INTO ponies_place (id, name) VALUES (288,'Tenochtitlan Basin');
INSERT INTO ponies_place (id, name) VALUES (289,'Tenochtitlan Basin');
INSERT INTO ponies_place (id, name) VALUES (290,'Tenochtitlan Basin');
INSERT INTO ponies_place (id, name) VALUES (291,'Tenochtitlan Basin');
INSERT INTO ponies_place (id, name) VALUES (292,'Tenochtitlan Basin');
INSERT INTO ponies_place (id, name) VALUES (293,'Tenochtitlan Basin');
INSERT INTO ponies_place (id, name) VALUES (294,'Fields outside Ponyville');
INSERT INTO ponies_place (id, name) VALUES (295,'Tenochtitlan Basin');
INSERT INTO ponies_place (id, name) VALUES (296,'Canterlot ');
INSERT INTO ponies_place (id, name) VALUES (297,' Castle of Friendship, Ponyville ');
INSERT INTO ponies_place (id, name) VALUES (298,' Golden Oak Library, Ponyville ');
INSERT INTO ponies_place (id, name) VALUES (299,' Crystal Princess Palace ');
INSERT INTO ponies_place (id, name) VALUES (300,'Canterlot ');
INSERT INTO ponies_place (id, name) VALUES (301,' Castle of Friendship ');
INSERT INTO ponies_place (id, name) VALUES (302,' Golden Oak Library, Ponyville ');
INSERT INTO ponies_place (id, name) VALUES (303,'Sweet Apple Acres');
INSERT INTO ponies_place (id, name) VALUES (304,'Outside of Ponyville, in a cottage near the Everfree Forest Cloudsdale ');
INSERT INTO ponies_place (id, name) VALUES (305,'Sugarcube Corner, Ponyville Pie Family Rock Farm, Rockville, Western Equestria ');
INSERT INTO ponies_place (id, name) VALUES (306,'Cloudominium over Ponyville Cloudsdale ');
INSERT INTO ponies_place (id, name) VALUES (307,'Carousel Boutique, Ponyville');
INSERT INTO ponies_place (id, name) VALUES (308,'Canterlot ');
INSERT INTO ponies_place (id, name) VALUES (309,' Castle of Friendship, Ponyville ');
INSERT INTO ponies_place (id, name) VALUES (310,' Golden Oak Library, Ponyville ');
INSERT INTO ponies_place (id, name) VALUES (311,' Crystal Princess Palace ');
INSERT INTO ponies_place (id, name) VALUES (312,'Canterlot ');
INSERT INTO ponies_place (id, name) VALUES (313,' Castle of Friendship ');
INSERT INTO ponies_place (id, name) VALUES (314,' Golden Oak Library, Ponyville ');
INSERT INTO ponies_place (id, name) VALUES (315,'Sweet Apple Acres');
INSERT INTO ponies_place (id, name) VALUES (316,'Outside of Ponyville, in a cottage near the Everfree Forest Cloudsdale ');
INSERT INTO ponies_place (id, name) VALUES (317,'Sugarcube Corner, Ponyville Pie Family Rock Farm, Rockville, Western Equestria ');
INSERT INTO ponies_place (id, name) VALUES (318,'Cloudominium over Ponyville Cloudsdale ');
INSERT INTO ponies_place (id, name) VALUES (319,'Carousel Boutique, Ponyville');
INSERT INTO ponies_place (id, name) VALUES (320,'Maretime Bay');
INSERT INTO ponies_place (id, name) VALUES (321,'Bridlewood Forest');
INSERT INTO ponies_place (id, name) VALUES (322,'Maretime Bay');
INSERT INTO ponies_place (id, name) VALUES (323,'Zephyr Heights');
INSERT INTO ponies_place (id, name) VALUES (324,'Zephyr Heights');
INSERT INTO ponies_place (id, name) VALUES (325,'Maretime Bay');
INSERT INTO ponies_place (id, name) VALUES (326,'Bridlewood Forest');
INSERT INTO ponies_place (id, name) VALUES (327,'Maretime Bay');
INSERT INTO ponies_place (id, name) VALUES (328,'Zephyr Heights');
INSERT INTO ponies_place (id, name) VALUES (329,'Zephyr Heights');
INSERT INTO ponies_place (id, name) VALUES (330,'Sweet Apple Acres');
INSERT INTO ponies_place (id, name) VALUES (331,'A house in Ponyville');
INSERT INTO ponies_place (id, name) VALUES (332,'Manehattan Farrier Hill, Hooflyn ');
INSERT INTO ponies_place (id, name) VALUES (333,'Sweet Apple Acres');
INSERT INTO ponies_place (id, name) VALUES (334,'Manehattan Farrier Hill, Hooflyn ');
INSERT INTO ponies_place (id, name) VALUES (335,'A house in Ponyville');




INSERT INTO ponies_character (id, name, description, image) VALUES (1,'Twilight Sparkle','Twilight Sparkle is the central main character of My Little Pony Friendship is Magic. She is a female unicorn pony who transforms into an Alicorn and becomes a princess in Magical Mystery Cure. She is also the daughter of Twilight Velvet and Night Light, the younger sister of Shining Armor, sister-in-law to Princess Cadance, and paternal aunt to Flurry Heart.','https://static.wikia.nocookie.net/mlp/images/b/bc/Princess_Twilight_Sparkle_ID_S4E26.png/revision/latest/scale-to-width-down/225?cb=20220306181401'); 
INSERT INTO ponies_AssocCharacterPlace (Character_id, Place_id) VALUES (1,1);
INSERT INTO ponies_AssocCharacterPlace (Character_id, Place_id) VALUES (1,2);
INSERT INTO ponies_AssocCharacterPlace (Character_id, Place_id) VALUES (1,3);
INSERT INTO ponies_AssocCharacterPlace (Character_id, Place_id) VALUES (1,4);
INSERT INTO ponies_AssocCharacterKind (Character_id, Kind_id) VALUES (1,1);
INSERT INTO ponies_AssocCharacterKind (Character_id, Kind_id) VALUES (1,2);
INSERT INTO ponies_AssocCharacterKind (Character_id, Kind_id) VALUES (1,3);

INSERT INTO ponies_character (id, name, description, image) VALUES (2,'Applejack','Applejack is a female Earth pony and one of the main characters of My Little Pony Friendship is Magic. She lives and works at Sweet Apple Acres with her grandmother Granny Smith, her older brother Big McIntosh, her younger sister Apple Bloom, and her dog Winona. She represents the element of honesty.','https://static.wikia.nocookie.net/mlp/images/d/d8/Applejack_S01E13_cropped.png/revision/latest/scale-to-width-down/225?cb=20130419182236'); 
INSERT INTO ponies_AssocCharacterPlace (Character_id, Place_id) VALUES (2,5);
INSERT INTO ponies_AssocCharacterKind (Character_id, Kind_id) VALUES (2,4);

INSERT INTO ponies_character (id, name, description, image) VALUES (3,'Fluttershy','Fluttershy is a female Pegasus pony and one of the main characters of My Little Pony Friendship is Magic. She lives in a small cottage near the Everfree Forest and takes care of animals, the most prominent of her charges being Angel the bunny. She represents the element of kindness.','https://static.wikia.nocookie.net/mlp/images/d/d6/Fluttershy_ID_S1E17.png/revision/latest/scale-to-width-down/225?cb=20190410214903'); 
INSERT INTO ponies_AssocCharacterPlace (Character_id, Place_id) VALUES (3,6);
INSERT INTO ponies_AssocCharacterKind (Character_id, Kind_id) VALUES (3,5);

INSERT INTO ponies_character (id, name, description, image) VALUES (4,'Rarity','Rarity is a female unicorn pony and one of the main characters of My Little Pony Friendship is Magic. She is Sweetie Belle\'s older sister and the subject of Spike\'s long-term crush. Rarity works as both a fashion designer and a seamstress at her own shop in Ponyville, the Carousel Boutique. She has a white Persian cat named Opalescence. She represents the element of generosity.','https://static.wikia.nocookie.net/mlp/images/d/d1/Rarity_standing_S1E19_CROPPED.png/revision/latest/scale-to-width-down/225?cb=20130418142043'); 
INSERT INTO ponies_AssocCharacterPlace (Character_id, Place_id) VALUES (4,7);
INSERT INTO ponies_AssocCharacterKind (Character_id, Kind_id) VALUES (4,6);

INSERT INTO ponies_character (id, name, description, image) VALUES (5,'Pinkie Pie','Pinkie Pie, full name Pinkamena Diane Pie,[note 2] is a female Earth pony and one of the main characters of My Little Pony Friendship is Magic. She is an energetic and sociable baker at Sugarcube Corner, where she lives on the second floor with her toothless pet alligator Gummy, and she represents the element of laughter. Pinkie writes and performs many songs, and she is the source of many of the show\'s comical and cartoonish gags. She is called Ponka Po in some merchandise.','https://static.wikia.nocookie.net/mlp/images/b/b2/Pinkie_Pie_ID_S4E11.png/revision/latest/scale-to-width-down/225?cb=20190410214815'); 
INSERT INTO ponies_AssocCharacterPlace (Character_id, Place_id) VALUES (5,8);
INSERT INTO ponies_AssocCharacterKind (Character_id, Kind_id) VALUES (5,7);

INSERT INTO ponies_character (id, name, description, image) VALUES (6,'Rainbow Dash','Rainbow Dash is a female Pegasus pony and one of the main characters in My Little Pony Friendship is Magic. She maintains the weather and clears the skies in Ponyville. As a huge fan of the Wonderbolts, she becomes a reservist member of the elite flying group in Testing Testing 1, 2, 3 and a full member in Newbie Dash. In Sonic Rainboom, Rarity and Princess Celestia both declare that she is the best flier in all of Equestria. Rainbow Dash has a pet tortoise named Tank, whom she chooses out of Fluttershy\'s offered animals in the episode May the Best Pet Win! She represents the element of loyalty.','https://static.wikia.nocookie.net/mlp/images/4/4b/Rainbow_Dash_Wonderbolt_fantasy_cropped_S1E3.png/revision/latest/scale-to-width-down/225?cb=20210206044556'); 
INSERT INTO ponies_AssocCharacterPlace (Character_id, Place_id) VALUES (6,9);
INSERT INTO ponies_AssocCharacterKind (Character_id, Kind_id) VALUES (6,5);

INSERT INTO ponies_character (id, name, description, image) VALUES (7,'Spike','Spike, also known as Spike the Dragon,[note 1] is a male "pre-teen"[5][note 2] dragon and one of the seven[6] main characters[7] of My Little Pony Friendship is Magic. He is Twilight Sparkle\'s best friend and number one assistant. He has the ability to magically deliver scrolls to and from Princess Celestia with his fire breath, which features in many episodes, as does his crush on Rarity.','https://static.wikia.nocookie.net/mlp/images/8/87/Spike_ID_S8E11.png/revision/latest/scale-to-width-down/210?cb=20180526160714'); 
INSERT INTO ponies_AssocCharacterPlace (Character_id, Place_id) VALUES (7,1);
INSERT INTO ponies_AssocCharacterPlace (Character_id, Place_id) VALUES (7,11);
INSERT INTO ponies_AssocCharacterPlace (Character_id, Place_id) VALUES (7,3);
INSERT INTO ponies_AssocCharacterKind (Character_id, Kind_id) VALUES (7,8);
INSERT INTO ponies_AssocCharacterKind (Character_id, Kind_id) VALUES (7,9);

INSERT INTO ponies_character (id, name, description, image) VALUES (8,'Sunny Starscout','Sunny Starscout is the central main character of the My Little Pony Generation 5 film My Little Pony: A New Generation. She is a female Earth pony resident of Maretime Bay who dreams of making the world a better place and bringing magic and harmony back to Equestria after it disappeared a long time ago.','data:image/gif;base64,R0lGODlhAQABAIABAAAAAP///yH5BAEAAAEALAAAAAABAAEAQAICTAEAOw%3D%3D'); 
INSERT INTO ponies_AssocCharacterPlace (Character_id, Place_id) VALUES (8,13);
INSERT INTO ponies_AssocCharacterKind (Character_id, Kind_id) VALUES (8,4);

INSERT INTO ponies_character (id, name, description, image) VALUES (9,'Izzy Moonbow','Izzy Moonbow is a female unicorn pony and one of the main characters of My Little Pony: A New Generation and My Little Pony Generation 5. She is an energetic and optimistic resident of Bridlewood Forest and Sunny Starscout\'s first non-Earth pony friend who specializes in arts and crafts.','data:image/gif;base64,R0lGODlhAQABAIABAAAAAP///yH5BAEAAAEALAAAAAABAAEAQAICTAEAOw%3D%3D'); 
INSERT INTO ponies_AssocCharacterPlace (Character_id, Place_id) VALUES (9,14);
INSERT INTO ponies_AssocCharacterKind (Character_id, Kind_id) VALUES (9,6);

INSERT INTO ponies_character (id, name, description, image) VALUES (10,'Hitch Trailblazer','Hitch Trailblazer is a male Earth pony and one of the main characters of My Little Pony: A New Generation and My Little Pony Generation 5. He is the law-keeping sheriff of Maretime Bay and a childhood friend of Sunny Starscout.','data:image/gif;base64,R0lGODlhAQABAIABAAAAAP///yH5BAEAAAEALAAAAAABAAEAQAICTAEAOw%3D%3D'); 
INSERT INTO ponies_AssocCharacterPlace (Character_id, Place_id) VALUES (10,13);
INSERT INTO ponies_AssocCharacterKind (Character_id, Kind_id) VALUES (10,4);

INSERT INTO ponies_character (id, name, description, image) VALUES (11,'Pipp Petals','Princess Pipp Petals is a female Pegasus pony and one of the main characters of My Little Pony: A New Generation and My Little Pony Generation 5. She is a princess of Zephyr Heights, Zipp Storm\'s younger sister,[note 1] Queen Haven\'s youngest daughter, and a famous pop singer and social media influencer.','data:image/gif;base64,R0lGODlhAQABAIABAAAAAP///yH5BAEAAAEALAAAAAABAAEAQAICTAEAOw%3D%3D'); 
INSERT INTO ponies_AssocCharacterPlace (Character_id, Place_id) VALUES (11,16);
INSERT INTO ponies_AssocCharacterKind (Character_id, Kind_id) VALUES (11,5);

INSERT INTO ponies_character (id, name, description, image) VALUES (12,'Zipp Storm','Princess Zipp Storm, full name Zephyrina Storm, is a female Pegasus pony and one of the main characters of My Little Pony: A New Generation and My Little Pony Generation 5. She is a princess of Zephyr Heights, Pipp Petals\' older sister,[note 1] Queen Haven\'s eldest daughter, and the heiress to the Zephyr Heights throne.','data:image/gif;base64,R0lGODlhAQABAIABAAAAAP///yH5BAEAAAEALAAAAAABAAEAQAICTAEAOw%3D%3D'); 
INSERT INTO ponies_AssocCharacterPlace (Character_id, Place_id) VALUES (12,16);
INSERT INTO ponies_AssocCharacterKind (Character_id, Kind_id) VALUES (12,5);

INSERT INTO ponies_character (id, name, description, image) VALUES (13,'Apple Bloom','Apple Bloom is a female school-age Earth pony and a member of the Apple family. She is the younger sister of Applejack and Big McIntosh and granddaughter of Granny Smith. Apple Bloom is one of the founding members of the Cutie Mark Crusaders, a club/"secret" society devoted to helping ponies earn their cutie marks, along with Sweetie Belle and Scootaloo. She is varyingly called Apple Blossom and Apple Boom in some other media and promotional material.','https://static.wikia.nocookie.net/mlp/images/1/1c/Apple_Bloom_ID_S6E4.png/revision/latest/scale-to-width-down/240?cb=20160411140505'); 
INSERT INTO ponies_AssocCharacterPlace (Character_id, Place_id) VALUES (13,5);
INSERT INTO ponies_AssocCharacterKind (Character_id, Kind_id) VALUES (13,4);

INSERT INTO ponies_character (id, name, description, image) VALUES (14,'Scootaloo','Scootaloo is a female school-age Pegasus pony. She first appears in Friendship is Magic, part 1, and she is later properly introduced in Call of the Cutie. Scootaloo and her friends, Apple Bloom and Sweetie Belle form the Cutie Mark Crusaders, a club/"secret society" devoted to helping ponies earn their cutie marks. She is a talented scooter driver. She idolizes Rainbow Dash and develops a sisterly bond with her in Sleepless in Ponyville. Lauren Faust has stated that Scootaloo and Rainbow are not related.[6]','https://static.wikia.nocookie.net/mlp/images/5/5a/Scootaloo_ID_S6E4.png/revision/latest/scale-to-width-down/240?cb=20160411140522'); 
INSERT INTO ponies_AssocCharacterPlace (Character_id, Place_id) VALUES (14,19);
INSERT INTO ponies_AssocCharacterKind (Character_id, Kind_id) VALUES (14,5);

INSERT INTO ponies_character (id, name, description, image) VALUES (15,'Sweetie Belle','Sweetie Belle is a school-age unicorn pony and Rarity\'s younger sister. She makes her first major appearance in the episode Call of the Cutie. Sweetie Belle and her friends, Apple Bloom and Scootaloo, form the Cutie Mark Crusaders, a club/"secret society" devoted to helping ponies earn their cutie marks.','data:image/gif;base64,R0lGODlhAQABAIABAAAAAP///yH5BAEAAAEALAAAAAABAAEAQAICTAEAOw%3D%3D'); 
INSERT INTO ponies_AssocCharacterKind (Character_id, Kind_id) VALUES (15,6);

INSERT INTO ponies_character (id, name, description, image) VALUES (16,'Babs Seed','Babs Seed is a female school-age Earth pony and Apple Bloom\'s cousin from Manehattan. She is a former member of the Cutie Mark Crusaders, having gotten a cutie mark of a pair of scissors with apple-shaped handles, as revealed in Bloom & Gloom, and the founder of the Crusaders\' Manehattan branch. She speaks with a heavy Bronx accent. She is called Sweetie Babs in some merchandise.','https://static.wikia.nocookie.net/mlp/images/c/c0/Babs_Seed_ID_MLP_Facebook.png/revision/latest/scale-to-width-down/210?cb=20190906111222'); 
INSERT INTO ponies_AssocCharacterPlace (Character_id, Place_id) VALUES (16,20);
INSERT INTO ponies_AssocCharacterKind (Character_id, Kind_id) VALUES (16,7);

INSERT INTO ponies_character (id, name, description, image) VALUES (17,'Gabby','Gabby, short for Gabriella, is a female griffon, supporting character, and member of the Cutie Mark Crusaders who first appears in the season six episode The Fault in Our Cutie Marks.','https://static.wikia.nocookie.net/mlp/images/e/ec/Gabby_ID_S6E19.png/revision/latest/scale-to-width-down/250?cb=20160910211625'); 
INSERT INTO ponies_AssocCharacterPlace (Character_id, Place_id) VALUES (17,21);
INSERT INTO ponies_AssocCharacterKind (Character_id, Kind_id) VALUES (17,10);

INSERT INTO ponies_character (id, name, description, image) VALUES (18,'Princess Celestia','Princess Celestia, called Queen Celestia in one comic and early development, is an Alicorn pony, the former co-ruler of Equestria alongside her younger sister Princess Luna, and the adoptive aunt of Princess Cadance. In addition to her responsibility of raising the sun, she has also been the teacher of Twilight Sparkle and Sunset Shimmer at different periods in time, often addressing Twilight as "my faithful student" while mentoring her. She has a pet phoenix named Philomena.','https://static.wikia.nocookie.net/mlp/images/2/2a/Princess_Celestia_ID_S4E01.png/revision/latest/scale-to-width-down/220?cb=20140322224921'); 
INSERT INTO ponies_AssocCharacterPlace (Character_id, Place_id) VALUES (18,22);
INSERT INTO ponies_AssocCharacterPlace (Character_id, Place_id) VALUES (18,23);
INSERT INTO ponies_AssocCharacterPlace (Character_id, Place_id) VALUES (18,24);
INSERT INTO ponies_AssocCharacterKind (Character_id, Kind_id) VALUES (18,11);

INSERT INTO ponies_character (id, name, description, image) VALUES (19,'Princess Luna','Princess Luna, known as Nightmare Moon[4] or Night Mare Moon[5] when transformed or under certain other circumstances,[note 3] is an Alicorn pony, the younger sister of Princess Celestia, and the main antagonist of the season one premiere of My Little Pony Friendship is Magic as Nightmare Moon. She is also the adoptive aunt of Princess Cadance. Eventually, the Elements of Harmony restore Luna to her former self and she returns to rule over Equestria alongside her older sister. Princess Luna/Nightmare Moon is called by her respective early names Princess Selena/Night Mare in another depiction.','https://static.wikia.nocookie.net/mlp/images/1/18/Princess_Luna_ID_S5E04.png/revision/latest/scale-to-width-down/240?cb=20150422172452'); 
INSERT INTO ponies_AssocCharacterPlace (Character_id, Place_id) VALUES (19,22);
INSERT INTO ponies_AssocCharacterPlace (Character_id, Place_id) VALUES (19,23);
INSERT INTO ponies_AssocCharacterPlace (Character_id, Place_id) VALUES (19,27);
INSERT INTO ponies_AssocCharacterPlace (Character_id, Place_id) VALUES (19,24);
INSERT INTO ponies_AssocCharacterKind (Character_id, Kind_id) VALUES (19,11);

INSERT INTO ponies_character (id, name, description, image) VALUES (20,'Prince Blueblood','Prince Blueblood is a royal male unicorn pony who resides in Canterlot. He is the distant nephew of Princess Celestia and Princess Luna and the cousin of Princess Cadance. He starts out as the object of Rarity\'s affections, but once they meet in person, he falls short of her expectations.','https://static.wikia.nocookie.net/mlp/images/b/b9/Prince_Blueblood_ID_S1E03.png/revision/latest/scale-to-width-down/240?cb=20110510223111'); 
INSERT INTO ponies_AssocCharacterPlace (Character_id, Place_id) VALUES (20,29);
INSERT INTO ponies_AssocCharacterKind (Character_id, Kind_id) VALUES (20,6);

INSERT INTO ponies_character (id, name, description, image) VALUES (21,'Shining Armor','Shining Armor is a male unicorn pony, Twilight Velvet and Night Light\'s son, Twilight Sparkle\'s older brother, Princess Cadance\'s husband, and Flurry Heart\'s father. He is the former captain of the Canterlot Royal Guard, serving under Princess Celestia and Princess Luna, and bears the title of prince as a result of his marriage to Cadance. He first appears in the two-part season two finale alongside Cadance. In the season three premiere, he and Cadance are appointed as the rulers of the Crystal Empire.','https://static.wikia.nocookie.net/mlp/images/2/29/Shining_Armor_ID_S5E19.png/revision/latest/scale-to-width-down/225?cb=20151026075733'); 
INSERT INTO ponies_AssocCharacterPlace (Character_id, Place_id) VALUES (21,30);
INSERT INTO ponies_AssocCharacterKind (Character_id, Kind_id) VALUES (21,12);

INSERT INTO ponies_character (id, name, description, image) VALUES (22,'Princess Cadance','Princess Cadance, full name Princess Mi Amore Cadenza, is a Pegasus-turned-Alicorn pony who is first featured in the season two finale alongside her husband Shining Armor. She is Flurry Heart\'s mother, Twilight Sparkle\'s sister-in-law (after marrying Shining Armor) and former foal-sitter, Princess Celestia\'s adopted niece,[note 1] and the co-ruler of the Crystal Empire alongside Shining Armor. She is also stated to be "a very distant relative" of Princess Amore, the former unicorn ruler of the Crystal Empire.[4]','https://static.wikia.nocookie.net/mlp/images/6/6f/Princess_Cadance_ID_S4E11.png/revision/latest/scale-to-width-down/225?cb=20140128163901'); 
INSERT INTO ponies_AssocCharacterPlace (Character_id, Place_id) VALUES (22,30);
INSERT INTO ponies_AssocCharacterPlace (Character_id, Place_id) VALUES (22,32);
INSERT INTO ponies_AssocCharacterKind (Character_id, Kind_id) VALUES (22,13);
INSERT INTO ponies_AssocCharacterKind (Character_id, Kind_id) VALUES (22,3);

INSERT INTO ponies_character (id, name, description, image) VALUES (23,'Prince Rutherford','Prince Rutherford is a male yak and the prince of the kingdom of Yakyakistan. He first appears in the season five episode Party Pooped.','https://static.wikia.nocookie.net/mlp/images/3/3e/Prince_Rutherford_ID_S5E11.png/revision/latest/scale-to-width-down/220?cb=20150630030726'); 
INSERT INTO ponies_AssocCharacterKind (Character_id, Kind_id) VALUES (23,14);

INSERT INTO ponies_character (id, name, description, image) VALUES (24,'Flurry Heart','Flurry Heart, also called Baby Flurry Heart[1] or Princess Flurry Heart, is an Alicorn foal and the newborn daughter of Princess Cadance and Shining Armor. She is first indirectly mentioned in the season five episode The One Where Pinkie Pie Knows, and she makes her physical debut in the season six premiere.','https://static.wikia.nocookie.net/mlp/images/7/71/Flurry_Heart_ID_S6E1.png/revision/latest/scale-to-width-down/240?cb=20160327000953'); 
INSERT INTO ponies_AssocCharacterPlace (Character_id, Place_id) VALUES (24,33);
INSERT INTO ponies_AssocCharacterKind (Character_id, Kind_id) VALUES (24,11);

INSERT INTO ponies_character (id, name, description, image) VALUES (25,'Ember','Ember is a dragon princess and supporting character who first appears in the season six episode Gauntlet of Fire. She is the current Dragon Lord of the Dragon Lands, succeeding her father Torch.','https://static.wikia.nocookie.net/mlp/images/b/bc/Princess_Ember_ID_S6E5.png/revision/latest/scale-to-width-down/160?cb=20160418043217'); 
INSERT INTO ponies_AssocCharacterPlace (Character_id, Place_id) VALUES (25,34);
INSERT INTO ponies_AssocCharacterKind (Character_id, Kind_id) VALUES (25,15);

INSERT INTO ponies_character (id, name, description, image) VALUES (26,'Thorax','Thorax is a male changeling and supporting character who appears briefly at the end of the season six episode The Crystalling - Part 2[1] before making his prominent debut in The Times They Are A Changeling. In the season six finale, he becomes the new leader of the changelings following the defeat of Queen Chrysalis.','data:image/gif;base64,R0lGODlhAQABAIABAAAAAP///yH5BAEAAAEALAAAAAABAAEAQAICTAEAOw%3D%3D'); 
INSERT INTO ponies_AssocCharacterPlace (Character_id, Place_id) VALUES (26,35);
INSERT INTO ponies_AssocCharacterKind (Character_id, Kind_id) VALUES (26,16);

INSERT INTO ponies_character (id, name, description, image) VALUES (27,'Princess Skystar','Princess Skystar is a female seapony/Hippogriff who appears as a supporting character in My Little Pony The Movie and a central character in the chapter book Beyond Equestria: Fluttershy Balances the Scales. She also makes minor appearances in the chapter book The Stormy Road to Canterlot and the season nine episode The Ending of the End - Part 2. She is the princess of the underwater kingdom of Seaquestria and the daughter of Queen Novo.','https://static.wikia.nocookie.net/mlp/images/7/77/Princess_Skystar_ID_MLPTM.png/revision/latest/scale-to-width-down/240?cb=20171015024706'); 
INSERT INTO ponies_AssocCharacterPlace (Character_id, Place_id) VALUES (27,36);
INSERT INTO ponies_AssocCharacterKind (Character_id, Kind_id) VALUES (27,17);

INSERT INTO ponies_character (id, name, description, image) VALUES (28,'Queen Novo','Queen Novo is a female seapony/Hippogriff who appears as a supporting character in My Little Pony The Movie and a minor character in the chapter books The Stormy Road to Canterlot and Beyond Equestria: Fluttershy Balances the Scales. She also appears in the IDW comics and the episodes The Hearth\'s Warming Club and The Ending of the End - Part 2. She is the ruler of the kingdoms of Seaquestria and Hippogriffia and the mother of Princess Skystar.','https://static.wikia.nocookie.net/mlp/images/f/f9/Queen_Novo_ID_MLPTM.png/revision/latest/scale-to-width-down/240?cb=20171016211949'); 
INSERT INTO ponies_AssocCharacterPlace (Character_id, Place_id) VALUES (28,37);
INSERT INTO ponies_AssocCharacterKind (Character_id, Kind_id) VALUES (28,17);

INSERT INTO ponies_character (id, name, description, image) VALUES (29,'Princess Amore','Princess Amore is a female unicorn Crystal Pony who appears in the IDW comics\' My Little Pony: FIENDship is Magic Issue #1 and whose name appears in Little, Brown and Company\'s The Journal of the Two Sisters. She is the first "Crystal Princess"/"queen" and ruler of the Crystal Empire before the rise of King Sombra.','https://static.wikia.nocookie.net/mlp/images/6/60/FIENDship_is_Magic_issue_1_Princess_Amore.png/revision/latest/scale-to-width-down/180?cb=20150401230216'); 
INSERT INTO ponies_AssocCharacterPlace (Character_id, Place_id) VALUES (29,38);
INSERT INTO ponies_AssocCharacterKind (Character_id, Kind_id) VALUES (29,18);

INSERT INTO ponies_character (id, name, description, image) VALUES (30,'Granny Smith','Granny Smith is an elderly Earth pony. She is Applejack, Apple Bloom, and Big McIntosh\'s paternal grandmother and a recurring character in the series. Like nearly all of the Apple family\'s cutie marks, hers is an apple based product, in this case a pie.','https://static.wikia.nocookie.net/mlp/images/3/38/Granny_Smith_ID_S2E06.png/revision/latest/scale-to-width-down/240?cb=20111213195959'); 
INSERT INTO ponies_AssocCharacterPlace (Character_id, Place_id) VALUES (30,5);
INSERT INTO ponies_AssocCharacterKind (Character_id, Kind_id) VALUES (30,4);

INSERT INTO ponies_character (id, name, description, image) VALUES (31,'Big McIntosh','Big McIntosh is a male Earth pony, the older brother of Applejack and Apple Bloom, Sugar Belle\'s husband, and a member of the Apple family. He makes his debut in the first episode, during which he idly walks in Ponyville the moment Twilight Sparkle first arrives. Later, Applejack introduces him during the Apple family reunion, although he has no speaking roles until the fourth episode, Applebuck Season. He is soft-spoken and laconic, and often replies with a simple "eeyup" or "nnope." He is first called by the nickname Big Mac in The Cutie Pox. Later episodes refer to him with this nickname more often than with his real name, even in the credits.','https://static.wikia.nocookie.net/mlp/images/2/2b/Big_McIntosh_id_S2E17.png/revision/latest/scale-to-width-down/175?cb=20200816023627'); 
INSERT INTO ponies_AssocCharacterPlace (Character_id, Place_id) VALUES (31,5);
INSERT INTO ponies_AssocCharacterKind (Character_id, Kind_id) VALUES (31,4);

INSERT INTO ponies_character (id, name, description, image) VALUES (32,'Braeburn','Braeburn is a male Earth pony and Applejack, Big McIntosh, and Apple Bloom\'s cousin from Appleloosa. He first appears in the season one episode Over a Barrel. Like most of the other named Apple family members, his name is apple-related, being the name of an apple cultivar.','https://static.wikia.nocookie.net/mlp/images/4/4b/Braeburn_ID_S1E21.png/revision/latest/scale-to-width-down/240?cb=20120715144759'); 
INSERT INTO ponies_AssocCharacterPlace (Character_id, Place_id) VALUES (32,41);
INSERT INTO ponies_AssocCharacterKind (Character_id, Kind_id) VALUES (32,4);

INSERT INTO ponies_character (id, name, description, image) VALUES (33,'Aunt and Uncle Orange','Aunt and Uncle Orange are the married Earth pony aunt and uncle of Applejack in the Apple family. They are simply called by their titles-and-shared-name Aunt Orange and Uncle Orange both in The Cutie Mark Chronicles and in Gameloft\'s mobile game, while the latter Orange is called by that as well as his individual name Mosely Orange in various merchandise.','https://static.wikia.nocookie.net/mlp/images/e/ef/Aunt_Orange_ID_S1E23.png/revision/latest/scale-to-width-down/200?cb=20110823211431'); 
INSERT INTO ponies_AssocCharacterPlace (Character_id, Place_id) VALUES (33,42);
INSERT INTO ponies_AssocCharacterKind (Character_id, Kind_id) VALUES (33,4);

INSERT INTO ponies_character (id, name, description, image) VALUES (34,'Hayseed Turnip Truck','Hayseed Turnip Truck is a male Earth pony in the Apple family who first appears in Sweet and Elite.','https://static.wikia.nocookie.net/mlp/images/b/be/Hayseed_Turnip_Truck_ID_S2E9.png/revision/latest/scale-to-width-down/200?cb=20140623015735'); 
INSERT INTO ponies_AssocCharacterKind (Character_id, Kind_id) VALUES (34,4);

INSERT INTO ponies_character (id, name, description, image) VALUES (35,'Apple Strudel','Apple Strudel is an Earth pony and uncle in the Apple family. He has a brown coat, a white and gray mane, and blue eyes. He is first mentioned in Friendship is Magic, part 1, and he appears in Family Appreciation Day and Apple Family Reunion.','https://static.wikia.nocookie.net/mlp/images/c/c7/Apple_Strudel_ID_S2E12.png/revision/latest/scale-to-width-down/200?cb=20150803014838'); 
INSERT INTO ponies_AssocCharacterKind (Character_id, Kind_id) VALUES (35,4);

INSERT INTO ponies_character (id, name, description, image) VALUES (36,'Auntie Applesauce','Auntie Applesauce is an elderly Earth pony and a member of the Apple family who first appears in the season three episode Apple Family Reunion. She is the great-grandaunt of Applejack and her siblings and Granny Smith\'s aunt.','https://static.wikia.nocookie.net/mlp/images/2/2a/Applesauce_ID_S3E08.png/revision/latest/scale-to-width-down/200?cb=20150507195655'); 
INSERT INTO ponies_AssocCharacterKind (Character_id, Kind_id) VALUES (36,4);

INSERT INTO ponies_character (id, name, description, image) VALUES (37,'Apple Rose','Apple Rose is an elderly Earth pony and a member of the Apple family who first appears in the season three episode Apple Family Reunion. She is Granny Smith\'s favorite cousin.','https://static.wikia.nocookie.net/mlp/images/1/10/Apple_Rose_ID_S3E08.png/revision/latest/scale-to-width-down/240?cb=20150507181548'); 
INSERT INTO ponies_AssocCharacterPlace (Character_id, Place_id) VALUES (37,43);
INSERT INTO ponies_AssocCharacterKind (Character_id, Kind_id) VALUES (37,4);

INSERT INTO ponies_character (id, name, description, image) VALUES (38,'Goldie Delicious','Goldie Delicious is a relative of the Apple family introduced in Pinkie Apple Pie. She keeps a number of cats and she is shown to be a hoarder of items and heirlooms.','https://static.wikia.nocookie.net/mlp/images/c/c7/Goldie_Delicious_ID_S4E09.png/revision/latest/scale-to-width-down/220?cb=20140113191231'); 
INSERT INTO ponies_AssocCharacterPlace (Character_id, Place_id) VALUES (38,44);
INSERT INTO ponies_AssocCharacterKind (Character_id, Kind_id) VALUES (38,7);

INSERT INTO ponies_character (id, name, description, image) VALUES (39,'Bright Mac and Pear Butter','Bright Mac, full name Bright Macintosh,[note 1] and Pear Butter are the married Earth pony parents of Applejack, Apple Bloom, and Big McIntosh. They physically appear in flashback in the season seven episode The Perfect Pear, and they are alluded to in other episodes and media.','https://static.wikia.nocookie.net/mlp/images/8/8e/Bright_Mac_ID_S7E13.png/revision/latest/scale-to-width-down/180?cb=20170808004854'); 
INSERT INTO ponies_AssocCharacterPlace (Character_id, Place_id) VALUES (39,5);
INSERT INTO ponies_AssocCharacterKind (Character_id, Kind_id) VALUES (39,4);

INSERT INTO ponies_character (id, name, description, image) VALUES (40,'Limestone Pie and Marble Pie','Limestone Pie and Marble Pie are female Earth ponies and members of the Pie family. They are Pinkie Pie\'s oldest and youngest sisters respectively. They first appear as fillies in a flashback in The Cutie Mark Chronicles before debuting as fully grown mares in present day in the chapter book Pinkie Pie and the Rockin\' Ponypalooza Party! and the season five episode Hearthbreakers.','https://static.wikia.nocookie.net/mlp/images/a/a2/Limestone_Pie_ID_S5E20.png/revision/latest/scale-to-width-down/200?cb=20151024190324'); 
INSERT INTO ponies_AssocCharacterPlace (Character_id, Place_id) VALUES (40,46);
INSERT INTO ponies_AssocCharacterKind (Character_id, Kind_id) VALUES (40,4);

INSERT INTO ponies_character (id, name, description, image) VALUES (41,'Igneous Rock Pie and Cloudy Quartz','Igneous Rock Pie and Cloudy Quartz, also called Pa Pie and Ma Pie respectively, are two married Earth ponies and members of the Pie family who live on a rock farm in Equestria. They are the parents of Limestone Pie, Maud Pie, Pinkie Pie, and Marble Pie.','https://static.wikia.nocookie.net/mlp/images/4/4d/Igneous_Rock_ID_S5E20.png/revision/latest/scale-to-width-down/250?cb=20151110214811'); 
INSERT INTO ponies_AssocCharacterPlace (Character_id, Place_id) VALUES (41,46);
INSERT INTO ponies_AssocCharacterKind (Character_id, Kind_id) VALUES (41,4);

INSERT INTO ponies_character (id, name, description, image) VALUES (42,'Maud Pie','Doctor Maud Pie, full name Maudileena[note 1] Daisy Pie, is a female Earth pony and Pinkie Pie\'s older sister. She is first seen as a filly in a portrait in Pinkie Pride, before first appearing in person as a grown mare in the season four episode of the same name, and her human counterpart appears in the My Little Pony Equestria Girls franchise; both counterparts also appear in IDW comics. She is called Maud Rock Pie in some merchandise.','https://static.wikia.nocookie.net/mlp/images/1/10/Maud_Pie_ID_S4E18.png/revision/latest/scale-to-width-down/220?cb=20140317163136'); 
INSERT INTO ponies_AssocCharacterPlace (Character_id, Place_id) VALUES (42,48);
INSERT INTO ponies_AssocCharacterPlace (Character_id, Place_id) VALUES (42,49);
INSERT INTO ponies_AssocCharacterKind (Character_id, Kind_id) VALUES (42,4);

INSERT INTO ponies_character (id, name, description, image) VALUES (43,'Mr. and Mrs. Shy','Mr. and Mrs. Shy are the married Pegasus pony parents of Fluttershy and Zephyr Breeze who first appear in the season six episode Flutter Brutter.','https://static.wikia.nocookie.net/mlp/images/2/2d/Mr._Shy_ID_S6E11.png/revision/latest/scale-to-width-down/190?cb=20160605103050'); 
INSERT INTO ponies_AssocCharacterPlace (Character_id, Place_id) VALUES (43,50);
INSERT INTO ponies_AssocCharacterKind (Character_id, Kind_id) VALUES (43,5);

INSERT INTO ponies_character (id, name, description, image) VALUES (44,'Zephyr Breeze','Zephyr Breeze is a male Pegasus pony and Fluttershy\'s younger brother who first appears in the season six episode Flutter Brutter.','https://static.wikia.nocookie.net/mlp/images/1/14/Zephyr_Breeze_ID_S6E11.png/revision/latest/scale-to-width-down/180?cb=20160605103015'); 
INSERT INTO ponies_AssocCharacterPlace (Character_id, Place_id) VALUES (44,51);
INSERT INTO ponies_AssocCharacterKind (Character_id, Kind_id) VALUES (44,5);

INSERT INTO ponies_character (id, name, description, image) VALUES (45,'Mr. and Mrs. Cake','Mr. Carrot Cake and Mrs. Cup Cake (ne Chiffon Swirl) are two Earth ponies who are the owners of Sugarcube Corner and Pinkie Pie\'s employers and landlords, as they rent the loft above the shop to her.[5] In the season two episode Baby Cakes, they become parents to twin foals Pound Cake and Pumpkin Cake. Mrs. Cake is called Mrs. Dazzle Cake and Mrs. Pink in some different merchandise.','https://static.wikia.nocookie.net/mlp/images/e/ea/Mr._Cake_ID_S2E10.png/revision/latest/scale-to-width-down/240?cb=20131029203445'); 
INSERT INTO ponies_AssocCharacterPlace (Character_id, Place_id) VALUES (45,52);
INSERT INTO ponies_AssocCharacterKind (Character_id, Kind_id) VALUES (45,7);

INSERT INTO ponies_character (id, name, description, image) VALUES (46,'Pound Cake and Pumpkin Cake','Pound Cake and Pumpkin Cake are Mr. and Mrs. Cake\'s fraternal twin foals who make their debut in the season two episode Baby Cakes. They are sometimes collectively referred to as the Cake twins.[note 1]','https://static.wikia.nocookie.net/mlp/images/7/73/Pound_Cake_smiling_ID_S2E13.png/revision/latest/scale-to-width-down/240?cb=20120117144123'); 
INSERT INTO ponies_AssocCharacterPlace (Character_id, Place_id) VALUES (46,53);
INSERT INTO ponies_AssocCharacterKind (Character_id, Kind_id) VALUES (46,5);

INSERT INTO ponies_character (id, name, description, image) VALUES (47,'Gallus','Gallus is a male griffon and one of the Young Six[2][3][4] who first appears in season eight of the show as a student at Twilight Sparkle\'s School of Friendship. In the series finale The Last Problem, he is captain of the Canterlot royal guard years in the future.','https://static.wikia.nocookie.net/mlp/images/b/bc/Gallus_ID_S8E1.png/revision/latest/scale-to-width-down/220?cb=20180328224846'); 
INSERT INTO ponies_AssocCharacterPlace (Character_id, Place_id) VALUES (47,1);
INSERT INTO ponies_AssocCharacterPlace (Character_id, Place_id) VALUES (47,55);
INSERT INTO ponies_AssocCharacterPlace (Character_id, Place_id) VALUES (47,56);
INSERT INTO ponies_AssocCharacterKind (Character_id, Kind_id) VALUES (47,10);

INSERT INTO ponies_character (id, name, description, image) VALUES (48,'Silverstream','Silverstream, or Silver Stream, is a female Hippogriff/seapony, Terramar\'s older sister, and one of the Young Six[3][4][5] who first appears in season eight of the show as a student at Twilight Sparkle\'s School of Friendship.','https://static.wikia.nocookie.net/mlp/images/4/45/Silverstream_ID_S8E1.png/revision/latest/scale-to-width-down/200?cb=20180329021441'); 
INSERT INTO ponies_AssocCharacterPlace (Character_id, Place_id) VALUES (48,57);
INSERT INTO ponies_AssocCharacterPlace (Character_id, Place_id) VALUES (48,58);
INSERT INTO ponies_AssocCharacterKind (Character_id, Kind_id) VALUES (48,19);

INSERT INTO ponies_character (id, name, description, image) VALUES (49,'Smolder','Smolder is a female dragon, Garble\'s younger sister, and one of the Young Six[1][2][3] who first appears in season eight of the show as a student at Twilight Sparkle\'s School of Friendship.','https://static.wikia.nocookie.net/mlp/images/d/de/Smolder_ID_S8E1.png/revision/latest/scale-to-width-down/180?cb=20180328233518'); 
INSERT INTO ponies_AssocCharacterPlace (Character_id, Place_id) VALUES (49,57);
INSERT INTO ponies_AssocCharacterPlace (Character_id, Place_id) VALUES (49,60);
INSERT INTO ponies_AssocCharacterKind (Character_id, Kind_id) VALUES (49,15);

INSERT INTO ponies_character (id, name, description, image) VALUES (50,'Yona','Yona, or Yona Yak, is a female yak and one of the Young Six[1][2][3] who first appears in season eight of the show as a student at Twilight Sparkle\'s School of Friendship. In the series finale The Last Problem, she is an employee at Rarity\'s Carousel Boutique years in the future.','https://static.wikia.nocookie.net/mlp/images/2/22/Yona_ID_S8E2.png/revision/latest/scale-to-width-down/220?cb=20180329000918'); 
INSERT INTO ponies_AssocCharacterPlace (Character_id, Place_id) VALUES (50,61);
INSERT INTO ponies_AssocCharacterPlace (Character_id, Place_id) VALUES (50,55);
INSERT INTO ponies_AssocCharacterPlace (Character_id, Place_id) VALUES (50,63);
INSERT INTO ponies_AssocCharacterKind (Character_id, Kind_id) VALUES (50,14);

INSERT INTO ponies_character (id, name, description, image) VALUES (51,'Sandbar','Sandbar is a male Earth pony and one of the Young Six[1][2][3] who appears in My Little Pony Equestria Girls: Forgotten Friendship and seasons eight and nine of the show as a student at Twilight Sparkle\'s School of Friendship.','https://static.wikia.nocookie.net/mlp/images/8/8d/Sandbar_ID_S8E2.png/revision/latest/scale-to-width-down/180?cb=20180328212530'); 
INSERT INTO ponies_AssocCharacterPlace (Character_id, Place_id) VALUES (51,52);
INSERT INTO ponies_AssocCharacterKind (Character_id, Kind_id) VALUES (51,4);

INSERT INTO ponies_character (id, name, description, image) VALUES (52,'Ocellus','Ocellus is a female changeling and one of the Young Six[3][4][5] who first appears in season eight of the show as a student at Twilight Sparkle\'s School of Friendship.','https://static.wikia.nocookie.net/mlp/images/9/9b/Ocellus_ID_S8E1.png/revision/latest/scale-to-width-down/200?cb=20180329011609'); 
INSERT INTO ponies_AssocCharacterPlace (Character_id, Place_id) VALUES (52,57);
INSERT INTO ponies_AssocCharacterPlace (Character_id, Place_id) VALUES (52,66);
INSERT INTO ponies_AssocCharacterKind (Character_id, Kind_id) VALUES (52,16);

INSERT INTO ponies_character (id, name, description, image) VALUES (53,'Diamond Tiara','Diamond Tiara is a female school-age Earth pony and minor antagonist who first appears in Call of the Cutie. She and Silver Spoon are classmates of the Cutie Mark Crusaders. She is called Diamond Dazzle Tiara in some merchandise.','https://static.wikia.nocookie.net/mlp/images/6/6d/Diamond_Tiara_ID_S5E18.png/revision/latest/scale-to-width-down/220?cb=20151020181357'); 
INSERT INTO ponies_AssocCharacterPlace (Character_id, Place_id) VALUES (53,52);
INSERT INTO ponies_AssocCharacterKind (Character_id, Kind_id) VALUES (53,4);

INSERT INTO ponies_character (id, name, description, image) VALUES (54,'Filthy Rich','Filthy Rich is a male Earth pony and Diamond Tiara\'s father. He is introduced in the season two episode Family Appreciation Day. He is called Berry Rich in some merchandise. His names are based on the phrases filthy rich and very rich, meaning "very wealthy".','https://static.wikia.nocookie.net/mlp/images/6/6a/Filthy_Rich_ID_S2E12.png/revision/latest/scale-to-width-down/225?cb=20120509205325'); 
INSERT INTO ponies_AssocCharacterPlace (Character_id, Place_id) VALUES (54,52);
INSERT INTO ponies_AssocCharacterKind (Character_id, Kind_id) VALUES (54,7);

INSERT INTO ponies_character (id, name, description, image) VALUES (55,'Spoiled Rich','Spoiled Rich (ne Spoiled Milk) is a female Earth pony and Diamond Tiara\'s manipulative and overbearing mother. She is first mentioned indirectly by Babs Seed in One Bad Apple, and she makes her series debut in Crusaders of the Lost Mark.','https://static.wikia.nocookie.net/mlp/images/6/6d/Spoiled_Rich_ID_S5E18.png/revision/latest/scale-to-width-down/180?cb=20151020181406'); 
INSERT INTO ponies_AssocCharacterPlace (Character_id, Place_id) VALUES (55,52);
INSERT INTO ponies_AssocCharacterKind (Character_id, Kind_id) VALUES (55,4);

INSERT INTO ponies_character (id, name, description, image) VALUES (56,'Silver Spoon','Silver Spoon is a female school-age Earth pony and minor antagonist who first appears in Call of the Cutie, alongside her best friend Diamond Tiara. She and Diamond Tiara are classmates of the Cutie Mark Crusaders. Silver Spoon\'s name and cutie mark are derived from the phrase "born with a silver spoon in your mouth," which implies being born into wealth and privilege.','https://static.wikia.nocookie.net/mlp/images/1/16/Silver_Spoon_ID_S4E15.png/revision/latest/scale-to-width-down/220?cb=20140226190706'); 
INSERT INTO ponies_AssocCharacterPlace (Character_id, Place_id) VALUES (56,83);
INSERT INTO ponies_AssocCharacterKind (Character_id, Kind_id) VALUES (56,4);

INSERT INTO ponies_character (id, name, description, image) VALUES (57,'Twist','Twist is a school-age Earth pony with a noticeable speech impediment and a student of Cheerilee\'s class at Ponyville Schoolhouse. She was one of the few "blank flanks" in her class besides Apple Bloom, Scootaloo, and Sweetie Belle until she received her cutie mark in Call of the Cutie: two candy canes in the shape of a heart. She is called Twist-a-loo and Peppermint Twist in some merchandise and other media.','https://static.wikia.nocookie.net/mlp/images/3/30/Twist_smiles_ID_S1E12.png/revision/latest/scale-to-width-down/240?cb=20120413024357'); 
INSERT INTO ponies_AssocCharacterPlace (Character_id, Place_id) VALUES (57,52);
INSERT INTO ponies_AssocCharacterKind (Character_id, Kind_id) VALUES (57,4);

INSERT INTO ponies_character (id, name, description, image) VALUES (58,'Snips','Snips is a male school-age unicorn pony from Ponyville who is usually seen in the company of his friend Snails. He is called Snipsy Snap in some merchandise.','https://static.wikia.nocookie.net/mlp/images/3/3e/Snips_talks_to_Spike_ID_S1E06.png/revision/latest/scale-to-width-down/240?cb=20110130185859'); 
INSERT INTO ponies_AssocCharacterPlace (Character_id, Place_id) VALUES (58,52);
INSERT INTO ponies_AssocCharacterKind (Character_id, Kind_id) VALUES (58,6);

INSERT INTO ponies_character (id, name, description, image) VALUES (59,'Snails','Snails is a male school-age unicorn pony who resides in Ponyville and is often seen with his friend Snips. He is called Snailsquirm in some merchandise.','https://static.wikia.nocookie.net/mlp/images/b/bb/Snails_ID_S6E18.png/revision/latest/scale-to-width-down/170?cb=20160904195157'); 
INSERT INTO ponies_AssocCharacterPlace (Character_id, Place_id) VALUES (59,52);
INSERT INTO ponies_AssocCharacterKind (Character_id, Kind_id) VALUES (59,6);

INSERT INTO ponies_character (id, name, description, image) VALUES (60,'Sunny Daze and Peachy Pie','Sunny Daze and Peachy Pie are two female ponies who appear in the episodes The Show Stoppers, The Cutie Pox, Pinkie Pride, and The Fault in Our Cutie Marks. In the show and some merchandise, they are Earth pony fillies, while in some other materials, Sunny Daze is a Pegasus filly and Peachy Pie is an Earth pony mare.','https://static.wikia.nocookie.net/mlp/images/2/2c/Sunny_Daze_ID_S1E18.png/revision/latest/scale-to-width-down/200?cb=20110825224804'); 
INSERT INTO ponies_AssocCharacterKind (Character_id, Kind_id) VALUES (60,20);

INSERT INTO ponies_character (id, name, description, image) VALUES (61,'Pipsqueak','Pipsqueak, also called Pip Squeak or Pip, is a young male Earth pony from Trottingham who first appears in Luna Eclipsed. He later appears in various episodes and the IDW comics. He is called Pip Pinto Squeak in some merchandise.','https://static.wikia.nocookie.net/mlp/images/5/5d/Pipsqueak_ID_S4E15.png/revision/latest/scale-to-width-down/200?cb=20140224135325'); 
INSERT INTO ponies_AssocCharacterPlace (Character_id, Place_id) VALUES (61,87);
INSERT INTO ponies_AssocCharacterKind (Character_id, Kind_id) VALUES (61,4);

INSERT INTO ponies_character (id, name, description, image) VALUES (62,'Featherweight','Featherweight is a school-age Pegasus colt and a friend of the Cutie Mark Crusaders who appears in various episodes. He has brown mane color, a short brown tail, and a cream coat. His cutie mark is a feather. The name "Featherweight" refers to his gaunt stature and slight build. It is also taken from one of the lighter weight classes in amateur and professional boxing.','https://static.wikia.nocookie.net/mlp/images/8/89/Featherweight_flying_CROPPED_S2E23.png/revision/latest/scale-to-width-down/250?cb=20130604082012'); 
INSERT INTO ponies_AssocCharacterPlace (Character_id, Place_id) VALUES (62,52);
INSERT INTO ponies_AssocCharacterKind (Character_id, Kind_id) VALUES (62,5);

INSERT INTO ponies_character (id, name, description, image) VALUES (63,'Rumble','Rumble is a Pegasus colt who first appears in the season two episode Hurricane Fluttershy. He has a bluish gray coat, a two-tone dark gray mane and tail, and purple eyes. He is Thunderlane\'s younger brother.','https://static.wikia.nocookie.net/mlp/images/3/30/Rumble_ID_S7E21.png/revision/latest/scale-to-width-down/220?cb=20171002053759'); 
INSERT INTO ponies_AssocCharacterPlace (Character_id, Place_id) VALUES (63,52);
INSERT INTO ponies_AssocCharacterKind (Character_id, Kind_id) VALUES (63,5);

INSERT INTO ponies_character (id, name, description, image) VALUES (64,'Filly Guides','The Filly Guides, also called the Filly Scouts,[1][2][3][4] are a youth organization in Equestria whose foal members appear in several episodes and comics. They are a parallel to the real-life Girl Guides and, to a lesser extent, the Boy Scouts of America organizations.','https://static.wikia.nocookie.net/mlp/images/f/fd/Filly_Guide_Cutie_Mark_Crusaders_ID_S6E15.png/revision/latest/scale-to-width-down/250?cb=20160923011738'); 

INSERT INTO ponies_character (id, name, description, image) VALUES (65,'Zipporwhill','Zipporwhill is a Pegasus filly who first appears in the season four episode Filli Vanilli. She has a light yellow coat, an amber mane and tail, light green eyes, and a cutie mark of three paw prints.','https://static.wikia.nocookie.net/mlp/images/4/43/Zipporwhill_ID_S7E6.png/revision/latest/scale-to-width-down/180?cb=20190216171328'); 
INSERT INTO ponies_AssocCharacterKind (Character_id, Kind_id) VALUES (65,21);

INSERT INTO ponies_character (id, name, description, image) VALUES (66,'Tender Taps','Tender Taps is a male school-age Earth pony who first appears as a supporting character in the season six episode On Your Marks. He has an orange coat, two-tone purple mane and tail, purple eyes, and a cutie mark of a top hat and spotlight.','https://static.wikia.nocookie.net/mlp/images/6/6a/Tender_Taps_ID_S6E4.png/revision/latest/scale-to-width-down/160?cb=20160411030159'); 
INSERT INTO ponies_AssocCharacterKind (Character_id, Kind_id) VALUES (66,4);

INSERT INTO ponies_character (id, name, description, image) VALUES (67,'Toola Roola and Coconut Cream','Toola Roola and Coconut Cream are two female school-age Earth ponies who appear as supporting characters in the season seven episode Fame and Misfortune. In the show and other media, they are fillies, while in merchandise, Coconut Cream is an adult mare.','https://static.wikia.nocookie.net/mlp/images/0/02/Toola_Roola_ID_S7E14.png/revision/latest/scale-to-width-down/220?cb=20170818003935'); 
INSERT INTO ponies_AssocCharacterPlace (Character_id, Place_id) VALUES (67,52);
INSERT INTO ponies_AssocCharacterKind (Character_id, Kind_id) VALUES (67,4);

INSERT INTO ponies_character (id, name, description, image) VALUES (68,'Clear Sky and Wind Sprint','Clear Sky and Wind Sprint are a unicorn mare and Pegasus filly respectively who appear in the season nine episodes Common Ground and The Last Problem. Clear Sky is a single mother and Quibble Pants\' girlfriend, and Wind Sprint is her sports-loving daughter.','https://static.wikia.nocookie.net/mlp/images/e/e0/Clear_Sky_ID_S9E6.png/revision/latest/scale-to-width-down/220?cb=20190509023300'); 
INSERT INTO ponies_AssocCharacterKind (Character_id, Kind_id) VALUES (68,6);

INSERT INTO ponies_character (id, name, description, image) VALUES (69,'Queen Chrysalis','Queen Chrysalis is a female changeling and the main antagonist of the season two finale, the season six finale, the IDW comics\' first story arc, Budge Studios\' mobile game Harmony Quest, and one of the main antagonists of the season nine finale. She is the queen of the changelings and a shapeshifter who appears as Princess Cadance in order to hypnotize her fianc Shining Armor, invade Canterlot, and eventually take over Equestria.','https://static.wikia.nocookie.net/mlp/images/a/a2/Queen_Chrysalis_ID_S9E8.png/revision/latest/scale-to-width-down/225?cb=20190520065817'); 
INSERT INTO ponies_AssocCharacterPlace (Character_id, Place_id) VALUES (69,95);
INSERT INTO ponies_AssocCharacterPlace (Character_id, Place_id) VALUES (69,66);
INSERT INTO ponies_AssocCharacterKind (Character_id, Kind_id) VALUES (69,22);
INSERT INTO ponies_AssocCharacterKind (Character_id, Kind_id) VALUES (69,23);

INSERT INTO ponies_character (id, name, description, image) VALUES (70,'King Sombra','King Sombra, or simply Sombra, is a male initially-umbrum unicorn, the former tyrannical ruler of the Crystal Empire, and the main antagonist of the season three premiere, the season nine premiere, and the IDW comics\' thirteenth story arc and My Little Pony/Transformers II. Princess Celestia tells Twilight Sparkle that he took over the Crystal Empire a thousand years ago but was banished into the frozen north. Before his banishment, King Sombra put a curse on the Crystal Empire which made it vanish into thin air. When the Empire returns, so does Sombra, who attempts to retake it. He is defeated by Spike, Princess Cadance, and the Crystal Ponies\' use of the Crystal Heart.','https://static.wikia.nocookie.net/mlp/images/7/7b/King_Sombra_ID_S9E2.png/revision/latest/scale-to-width-down/200?cb=20190411072142'); 
INSERT INTO ponies_AssocCharacterPlace (Character_id, Place_id) VALUES (70,38);
INSERT INTO ponies_AssocCharacterPlace (Character_id, Place_id) VALUES (70,23);
INSERT INTO ponies_AssocCharacterKind (Character_id, Kind_id) VALUES (70,24);

INSERT INTO ponies_character (id, name, description, image) VALUES (71,'Lord Tirek','Lord Tirek is a male centaur, the older brother of Scorpan, the main antagonist of the season four finale, and one of the main antagonists of the season nine finale. He is a villain who escapes from Tartarus, steals magic, and seeks to rule over Equestria.','https://static.wikia.nocookie.net/mlp/images/3/3a/Tirek_4_ID_S4E25.png/revision/latest/scale-to-width-down/225?cb=20140514010935'); 
INSERT INTO ponies_AssocCharacterPlace (Character_id, Place_id) VALUES (71,95);
INSERT INTO ponies_AssocCharacterPlace (Character_id, Place_id) VALUES (71,100);
INSERT INTO ponies_AssocCharacterPlace (Character_id, Place_id) VALUES (71,101);
INSERT INTO ponies_AssocCharacterKind (Character_id, Kind_id) VALUES (71,25);

INSERT INTO ponies_character (id, name, description, image) VALUES (72,'Adagio Dazzle','Adagio Dazzle is a female siren and one of the main antagonists in My Little Pony Equestria Girls: Rainbow Rocks. She is the lead singer of her band the Dazzlings, rivaling the Rainbooms.','https://static.wikia.nocookie.net/mlp/images/8/8d/Adagio_Dazzle_ID_EG2.png/revision/latest/scale-to-width-down/120?cb=20141030144429'); 
INSERT INTO ponies_AssocCharacterPlace (Character_id, Place_id) VALUES (72,102);
INSERT INTO ponies_AssocCharacterKind (Character_id, Kind_id) VALUES (72,26);
INSERT INTO ponies_AssocCharacterKind (Character_id, Kind_id) VALUES (72,27);
INSERT INTO ponies_AssocCharacterKind (Character_id, Kind_id) VALUES (72,2);

INSERT INTO ponies_character (id, name, description, image) VALUES (73,'Aria Blaze','Aria Blaze is a female siren and one of the main antagonists in My Little Pony Equestria Girls: Rainbow Rocks. She is a backup singer in her band the Dazzlings, rivaling the Rainbooms.','https://static.wikia.nocookie.net/mlp/images/d/da/Aria_Blaze_ID_EG2.png/revision/latest/scale-to-width-down/130?cb=20141030142513'); 
INSERT INTO ponies_AssocCharacterPlace (Character_id, Place_id) VALUES (73,102);
INSERT INTO ponies_AssocCharacterKind (Character_id, Kind_id) VALUES (73,26);

INSERT INTO ponies_character (id, name, description, image) VALUES (74,'Sonata Dusk','Sonata Dusk is a female siren and one of the main antagonists in My Little Pony Equestria Girls: Rainbow Rocks. She is a backup singer in her band the Dazzlings, rivaling the Rainbooms.','https://static.wikia.nocookie.net/mlp/images/6/63/Sonata_Dusk_ID_EG2.png/revision/latest/scale-to-width-down/130?cb=20141030140441'); 
INSERT INTO ponies_AssocCharacterPlace (Character_id, Place_id) VALUES (74,102);
INSERT INTO ponies_AssocCharacterKind (Character_id, Kind_id) VALUES (74,26);
INSERT INTO ponies_AssocCharacterKind (Character_id, Kind_id) VALUES (74,27);

INSERT INTO ponies_character (id, name, description, image) VALUES (75,'The Storm King','The Storm King is a male satyr-like creature who appears as the main antagonist of My Little Pony The Movie. He is a conqueror of lands beyond Equestria who launches an invasion of Canterlot and seeks the magic of the four Alicorn princesses to take over the world. He is defeated by the Mane Six and his former lieutenant Tempest Shadow, turned to stone, and shattered to pieces.','https://static.wikia.nocookie.net/mlp/images/7/73/The_Storm_King_ID_MLPTM.png/revision/latest/scale-to-width-down/250?cb=20171017010720'); 
INSERT INTO ponies_AssocCharacterPlace (Character_id, Place_id) VALUES (75,105);

INSERT INTO ponies_character (id, name, description, image) VALUES (76,'Cozy Glow','Cozy Glow is a female school-age Pegasus pony who first appears as a supporting character in the season eight episode Marks for Effort, later becoming the main antagonist of the finale School Raze and one of the main antagonists of the season nine finale The Ending of the End. She has a salmon-pink coat, curly light blue mane and tail, scarlet eyes, and a cutie mark of a rook.[1]','https://static.wikia.nocookie.net/mlp/images/6/6e/Cozy_Glow_ID_S9E8.png/revision/latest/scale-to-width-down/240?cb=20190523140839'); 
INSERT INTO ponies_AssocCharacterPlace (Character_id, Place_id) VALUES (76,95);
INSERT INTO ponies_AssocCharacterPlace (Character_id, Place_id) VALUES (76,100);
INSERT INTO ponies_AssocCharacterPlace (Character_id, Place_id) VALUES (76,108);
INSERT INTO ponies_AssocCharacterKind (Character_id, Kind_id) VALUES (76,28);

INSERT INTO ponies_character (id, name, description, image) VALUES (77,'Grogar','Grogar is a male ram first alluded to in the season seven episode A Flurry of Emotions. He is a magically powerful tyrant who ruled and terrorized Equestria in ancient times. In the ninth and final season, Discord disguises himself as Grogar and forms an alliance of villains in a misguided effort to prepare Twilight Sparkle as Equestria\'s new ruler.','https://static.wikia.nocookie.net/mlp/images/e/e7/Grogar_ID_S9E17.png/revision/latest/scale-to-width-down/220?cb=20210708204631'); 
INSERT INTO ponies_AssocCharacterPlace (Character_id, Place_id) VALUES (77,109);
INSERT INTO ponies_AssocCharacterKind (Character_id, Kind_id) VALUES (77,29);

INSERT INTO ponies_character (id, name, description, image) VALUES (78,'Gilda','Gilda is a female griffon and supporting character in the series. She first appears as an antagonist in Griffon the Brush Off, and she makes subsequent appearances in later episodes, chapter books, and the IDW comics. She is called Gilda the Griffon in some merchandise.','https://static.wikia.nocookie.net/mlp/images/0/0b/Gilda_ID_S5E08.png/revision/latest/scale-to-width-down/240?cb=20211029203021'); 
INSERT INTO ponies_AssocCharacterPlace (Character_id, Place_id) VALUES (78,110);
INSERT INTO ponies_AssocCharacterKind (Character_id, Kind_id) VALUES (78,10);

INSERT INTO ponies_character (id, name, description, image) VALUES (79,'Trixie','Trixie, or Trixie Lulamoon,[note 1] is a female unicorn pony and traveling magician. She is the main antagonist of Boast Busters and Magic Duel and a supporting antagonist in the chapter book Twilight Sparkle and the Crystal Heart Spell. She also makes multiple appearances in other episodes, chapter books, and the IDW comics. She tends to speak in the third person and refer to herself as "The Great and Powerful Trixie". The name Trixie is often a diminutive form of Patricia or Beatrice/Beatrix.','https://static.wikia.nocookie.net/mlp/images/b/b1/Trixie_ID_S6E6.png/revision/latest/scale-to-width-down/225?cb=20160501114515'); 
INSERT INTO ponies_AssocCharacterKind (Character_id, Kind_id) VALUES (79,6);

INSERT INTO ponies_character (id, name, description, image) VALUES (80,'Discord','Discord is a male draconequus and former antagonist introduced in the season two premiere. Princess Celestia explains that Discord is the spirit of chaos and disharmony who once ruled over Equestria in a state of unrest and unhappiness, until she and Princess Luna used the Elements of Harmony to imprison him in stone. However, after the sisters lost their connection to the Elements, the spell was broken and Discord broke free. Later in the series, Princess Celestia decides that Discord should be reformed so his magic can be used for good.','https://static.wikia.nocookie.net/mlp/images/a/a3/Discord_ID_S5E22.png/revision/latest/scale-to-width-down/160?cb=20151110043652'); 
INSERT INTO ponies_AssocCharacterPlace (Character_id, Place_id) VALUES (80,111);
INSERT INTO ponies_AssocCharacterKind (Character_id, Kind_id) VALUES (80,30);

INSERT INTO ponies_character (id, name, description, image) VALUES (81,'Ahuizotl','Ahuizotl is a male character who first appears in the Daring Do book series in the episode Read It and Weep, physically appears in Daring Don\'t and Daring Doubt, and also appears in the chapter book Daring Do and the Eternal Flower and the IDW comics. He is the archenemy of the book series\' main character and writer Daring Do.','https://static.wikia.nocookie.net/mlp/images/2/21/Ahuizotl_ID_S9E21.png/revision/latest/scale-to-width-down/250?cb=20190924232500'); 
INSERT INTO ponies_AssocCharacterPlace (Character_id, Place_id) VALUES (81,112);
INSERT INTO ponies_AssocCharacterKind (Character_id, Kind_id) VALUES (81,31);

INSERT INTO ponies_character (id, name, description, image) VALUES (82,'Garble','Garble is a male teenage dragon and Smolder\'s older brother. He first appears in Dragon Quest as the leader of a gang of dragon bullies that Spike encounters. He is not named in Dragon Quest, but he is named in the episode\'s script,[2] in Gauntlet of Fire and other episodes onward, and in other materials.','https://static.wikia.nocookie.net/mlp/images/7/70/Garble_ID_S6E5.png/revision/latest/scale-to-width-down/250?cb=20160418075825'); 
INSERT INTO ponies_AssocCharacterPlace (Character_id, Place_id) VALUES (82,34);
INSERT INTO ponies_AssocCharacterKind (Character_id, Kind_id) VALUES (82,15);

INSERT INTO ponies_character (id, name, description, image) VALUES (83,'Sunset Shimmer','Sunset Shimmer is a female unicorn pony-turned-human and a main character in the Equestria Girls franchise, initially appearing as the main antagonist of My Little Pony Equestria Girls. She is a student at Canterlot High School, a former student of Princess Celestia, and a rhythm guitarist for the Rainbooms.','https://static.wikia.nocookie.net/mlp/images/a/ab/Sunset_Shimmer_ID_EGDS2.png/revision/latest/scale-to-width-down/160?cb=20171106005307'); 
INSERT INTO ponies_AssocCharacterPlace (Character_id, Place_id) VALUES (83,114);
INSERT INTO ponies_AssocCharacterKind (Character_id, Kind_id) VALUES (83,12);

INSERT INTO ponies_character (id, name, description, image) VALUES (84,'Dr. Caballeron','Dr. Caballeron is a male Earth pony who first appears as an antagonist in the season four episode Daring Don\'t. He also appears in the chapter book Daring Do and the Eternal Flower and the IDW comics. He is an enemy of Daring Do and a collaborator with fellow villain Ahuizotl.','https://static.wikia.nocookie.net/mlp/images/c/c4/Dr._Caballeron_ID_S9E21.png/revision/latest/scale-to-width-down/180?cb=20190928213711'); 
INSERT INTO ponies_AssocCharacterKind (Character_id, Kind_id) VALUES (84,4);

INSERT INTO ponies_character (id, name, description, image) VALUES (85,'Dr. Caballeron\'s henchponies','Biff, Rogue, Withers, Pickpocket, and Rosy Thorn are five ponies who appear as henchponies to Dr. Caballeron. The former three first appear in Daring Don\'t, "Pickpocket" first appears in Stranger Than Fan Fiction, and Rosy Thorn appears in chapter books. "Pickpocket" is unnamed in the series, his name being a placeholder name, but Biff, Rogue, and Withers are named in Daring Doubt, chapter books, and Tails of Equestria, and Biff and Rogue are also named in merchandise.','https://static.wikia.nocookie.net/mlp/images/1/14/Dr._Caballeron%27s_henchponies_ID_S4E4.png/revision/latest/scale-to-width-down/250?cb=20160201053041'); 
INSERT INTO ponies_AssocCharacterKind (Character_id, Kind_id) VALUES (85,32);
INSERT INTO ponies_AssocCharacterKind (Character_id, Kind_id) VALUES (85,9);

INSERT INTO ponies_character (id, name, description, image) VALUES (86,'Starlight Glimmer','Starlight Glimmer is a female unicorn pony and recurring character,[5] initially an antagonist but later a protagonist,[6] in the series. She first possibly appears in My Little Pony: Friends Forever Issue #14[7] and first explicitly appears in the season five premiere. From The Cutie Re-Mark - Part 2 to Celestial Advice, she is Twilight Sparkle\'s student in the ways of friendship. As of A Horse Shoe-In, she is the principal of the School of Friendship. She is called Starlight Shimmer in some other media.','https://static.wikia.nocookie.net/mlp/images/d/de/Starlight_Glimmer_ID_S6E2.png/revision/latest/scale-to-width-down/180?cb=20160328141719'); 
INSERT INTO ponies_AssocCharacterPlace (Character_id, Place_id) VALUES (86,115);
INSERT INTO ponies_AssocCharacterPlace (Character_id, Place_id) VALUES (86,116);
INSERT INTO ponies_AssocCharacterPlace (Character_id, Place_id) VALUES (86,117);
INSERT INTO ponies_AssocCharacterKind (Character_id, Kind_id) VALUES (86,12);

INSERT INTO ponies_character (id, name, description, image) VALUES (87,'Juniper Montage','Juniper Montage is a female human who appears as the main antagonist of the Equestria Girls half-hour specials Movie Magic and Mirror Magic. She is an usher at the Canterlot Mall movie theater and a former gofer on her uncle Canter Zoom\'s movie studio set.','https://static.wikia.nocookie.net/mlp/images/1/16/Juniper_Montage_ID_EGS3.png/revision/latest/scale-to-width-down/175?cb=20170613152052'); 
INSERT INTO ponies_AssocCharacterPlace (Character_id, Place_id) VALUES (87,118);
INSERT INTO ponies_AssocCharacterKind (Character_id, Kind_id) VALUES (87,33);

INSERT INTO ponies_character (id, name, description, image) VALUES (88,'Stygian','Stygian, also known as the Pony of Shadows, is a male unicorn and the antagonist of the season seven finale Shadow Play. He is a battle strategist and friend of the Pillars of Old Equestria who turned into an evil pony of darkness. His alter ego is first mentioned in Castle Mane-ia and depicted in My Little Pony: Friendship is Magic Issue #53.','https://static.wikia.nocookie.net/mlp/images/7/74/Stygian_ID_S7E26.png/revision/latest/scale-to-width-down/200?cb=20171012213100'); 
INSERT INTO ponies_AssocCharacterPlace (Character_id, Place_id) VALUES (88,119);
INSERT INTO ponies_AssocCharacterKind (Character_id, Kind_id) VALUES (88,34);

INSERT INTO ponies_character (id, name, description, image) VALUES (89,'Tempest Shadow','Tempest Shadow, real name Fizzlepop Berrytwist, is a female unicorn pony who appears as the secondary antagonist of My Little Pony The Movie and the central character in the chapter book The Stormy Road to Canterlot and the IDW comics\' twenty-first story arc. She also appears in other chapter books and comics, and in the season nine episodes The Ending of the End - Part 2 and The Last Problem. She has a broken horn and a scar on her right eye, and she is the former second-in-command of the Storm King.','https://static.wikia.nocookie.net/mlp/images/e/e5/Tempest_Shadow_ID_MLPTM.png/revision/latest/scale-to-width-down/220?cb=20171013211531'); 
INSERT INTO ponies_AssocCharacterPlace (Character_id, Place_id) VALUES (89,120);
INSERT INTO ponies_AssocCharacterKind (Character_id, Kind_id) VALUES (89,35);

INSERT INTO ponies_character (id, name, description, image) VALUES (90,'Grubber','Grubber is a male pug-faced hedgehog who appears as a minor antagonist in My Little Pony The Movie. He is Tempest Shadow\'s sidekick and a former servant of the Storm King.','https://static.wikia.nocookie.net/mlp/images/a/ab/Grubber_ID_MLPTM.png/revision/latest/scale-to-width-down/200?cb=20171014023455'); 
INSERT INTO ponies_AssocCharacterKind (Character_id, Kind_id) VALUES (90,36);

INSERT INTO ponies_character (id, name, description, image) VALUES (91,'Wallflower Blush','Wallflower Blush, or simply Wallflower, is a female human who appears as the main antagonist in the Equestria Girls hour-long special Forgotten Friendship and its novelization A Friendship to Remember. She is a student at Canterlot High School and the founder of its gardening club.','https://static.wikia.nocookie.net/mlp/images/e/e4/Wallflower_Blush_ID_EGFF.png/revision/latest/scale-to-width-down/160?cb=20181028073826'); 
INSERT INTO ponies_AssocCharacterKind (Character_id, Kind_id) VALUES (91,37);

INSERT INTO ponies_character (id, name, description, image) VALUES (92,'Chancellor Neighsay','Chancellor Neighsay, or simply, Neighsay,[note 1] is a male unicorn pony who first appears as the antagonist of the season eight premiere School Daze. He is the head of the Equestrian Education Association, or EEA, a board of scholars who oversee all schools in Equestria.','https://static.wikia.nocookie.net/mlp/images/1/1a/Chancellor_Neighsay_ID_S8E2.png/revision/latest/scale-to-width-down/200?cb=20180325123334'); 
INSERT INTO ponies_AssocCharacterKind (Character_id, Kind_id) VALUES (92,6);

INSERT INTO ponies_character (id, name, description, image) VALUES (93,'Vignette Valencia','Vignette Valencia is a female human who appears as the main antagonist in the Equestria Girls hour-long special Rollercoaster of Friendship. She is a social media celebrity in charge of the grand opening of the Equestria Land theme park.','https://static.wikia.nocookie.net/mlp/images/6/6b/Vignette_Valencia_ID_EGROF.png/revision/latest/scale-to-width-down/250?cb=20180708224539'); 
INSERT INTO ponies_AssocCharacterKind (Character_id, Kind_id) VALUES (93,38);

INSERT INTO ponies_character (id, name, description, image) VALUES (94,'Kiwi Lollipop and Supernova Zap','Kiwi Lollipop, also known as K-Lo, and Supernova Zap, also known as Su-Z, are two female human characters who appear as the antagonists of the Equestria Girls hour-long special Sunset\'s Backstage Pass. They are a pop music duo under the name PostCrush.','https://static.wikia.nocookie.net/mlp/images/6/6c/Kiwi_Lollipop_ID_EGSBP.png/revision/latest/scale-to-width-down/150?cb=20200111055936'); 
INSERT INTO ponies_AssocCharacterKind (Character_id, Kind_id) VALUES (94,38);

INSERT INTO ponies_character (id, name, description, image) VALUES (95,'Shadowbolts','The Shadowbolts are a squad of Pegasus ponies similar to the Wonderbolts who were created by Nightmare Moon. They appear in the season episode Friendship is Magic, part 2 and some adaptations and merchandise. Their name is a portmanteau of the words "shadow" and "thunderbolt". Members of the Shadowbolts include Shadow Surprise and unnamed Pegasi.','https://static.wikia.nocookie.net/mlp/images/4/45/The_Shadowbolts_annoyed_S1E02.png/revision/latest/scale-to-width-down/240?cb=20140522181623'); 
INSERT INTO ponies_AssocCharacterKind (Character_id, Kind_id) VALUES (95,5);

INSERT INTO ponies_character (id, name, description, image) VALUES (96,'Boy Bullies','The Boy Bullies are a group of up to three male Pegasi, including Hoops, Dumb-Bell, and Score, who have picked on Rainbow Dash and Fluttershy, calling them respectively "Rainbow Crash" and "Klutzershy". The three first appear as grown stallions in the season one episode Sonic Rainboom, and they make varying appearances as stallions and colts in later episodes, chapter books, and IDW comics. The two other than Hoops are not named in the show, but the three\'s collective title and individual names are given in merchandise.','https://static.wikia.nocookie.net/mlp/images/8/8d/Hoops_ID_S1E16.png/revision/latest/scale-to-width-down/180?cb=20130203221523'); 
INSERT INTO ponies_AssocCharacterPlace (Character_id, Place_id) VALUES (96,50);
INSERT INTO ponies_AssocCharacterKind (Character_id, Kind_id) VALUES (96,39);

INSERT INTO ponies_character (id, name, description, image) VALUES (97,'Flim and Flam','Flim and Flam, collectively known as the Flim Flam Brothers, are twin salespony unicorn brothers who first appear as antagonists in The Super Speedy Cider Squeezy 6000 and return in later episodes, animated shorts, IDW comics, and chapter books. Flim is called Flim Skim in some merchandise.','https://static.wikia.nocookie.net/mlp/images/8/81/Flim_singing_on_podium_ID_S2E15.png/revision/latest/scale-to-width-down/225?cb=20120201023343'); 
INSERT INTO ponies_AssocCharacterKind (Character_id, Kind_id) VALUES (97,12);

INSERT INTO ponies_character (id, name, description, image) VALUES (98,'Lightning Dust','Lightning Dust is a female Pegasus pony who first appears in the episode Wonderbolts Academy and makes subsequent appearances in later episodes, IDW comics, and magazines. Her cutie mark usually consists of a lightning bolt and three stars. She leaves a blue and yellow thunderbolt streak behind her when she flies, similar to Rainbow Dash\'s rainbow streak and the Wonderbolts\' trail of lightning clouds. She is called Lighting Dust in The Elements of Harmony Vol. II guidebook.','https://static.wikia.nocookie.net/mlp/images/f/fe/Lightning_Dust_ID_S3E7.png/revision/latest/scale-to-width-down/200?cb=20121215182036'); 
INSERT INTO ponies_AssocCharacterKind (Character_id, Kind_id) VALUES (98,5);

INSERT INTO ponies_character (id, name, description, image) VALUES (99,'Mane-iac','The Mane-iac is a female Earth pony super-villain from Maretropolis who first appears in the season four episode Power Ponies. She is the archenemy of the comic book superhero team, the Power Ponies. She is called Mane-iac Mayhem in some merchandise.','https://static.wikia.nocookie.net/mlp/images/6/6e/Mane-iac_ID_S4E06.png/revision/latest/scale-to-width-down/225?cb=20210912015302'); 
INSERT INTO ponies_AssocCharacterPlace (Character_id, Place_id) VALUES (99,122);
INSERT INTO ponies_AssocCharacterKind (Character_id, Kind_id) VALUES (99,7);

INSERT INTO ponies_character (id, name, description, image) VALUES (100,'Mane-iac\'s henchponies','Neon Brush, Quick Trim, Comb Over, The Unconditioner, and Blow Dry are the placeholder names of five male Earth ponies, at least twenty-two of whom serve as henchponies to the Mane-iac in the comic-book universe of Maretropolis. They appear in Power Ponies and its adaptation(s) Power Ponies to the Rescue! and Power Ponies Go! They are unnamed in the show and in other depictions, one of which internally identifies Neon Brush as soldier, Quick Trim as officer, and Blow Dry as captain.[1]','https://static.wikia.nocookie.net/mlp/images/8/85/Mane-iac%27s_henchponies_ID_S4E6.png/revision/latest/scale-to-width-down/250?cb=20160305013428'); 
INSERT INTO ponies_AssocCharacterKind (Character_id, Kind_id) VALUES (100,4);

INSERT INTO ponies_character (id, name, description, image) VALUES (101,'Suri Polomare','Suri Polomare is a female Earth pony and the antagonist in the season four episode Rarity Takes Manehattan, appearing alongside her assistant Coco Pommel. She is named Buttonbelle in some merchandise.','https://static.wikia.nocookie.net/mlp/images/3/32/Suri_Polomare_ID_S4E08.png/revision/latest/scale-to-width-down/220?cb=20140107052206'); 
INSERT INTO ponies_AssocCharacterPlace (Character_id, Place_id) VALUES (101,123);
INSERT INTO ponies_AssocCharacterKind (Character_id, Kind_id) VALUES (101,7);

INSERT INTO ponies_character (id, name, description, image) VALUES (102,'Wind Rider','Wind Rider is a male Pegasus pony and the antagonist of the season five episode Rarity Investigates!. He is a retired member of the Wonderbolts who frames Rainbow Dash for a crime to preserve his long-distance speed record.','https://static.wikia.nocookie.net/mlp/images/3/36/Wind_Rider_ID_S5E15.png/revision/latest/scale-to-width-down/240?cb=20151207234832'); 
INSERT INTO ponies_AssocCharacterKind (Character_id, Kind_id) VALUES (102,5);

INSERT INTO ponies_character (id, name, description, image) VALUES (103,'Svengallop','Svengallop is a male Earth pony and the antagonist of the season five episode The Mane Attraction. He is Coloratura\'s bossy and flamboyant former manager who exploits her for personal gain.','https://static.wikia.nocookie.net/mlp/images/4/4b/Svengallop_ID_S5E24.png/revision/latest/scale-to-width-down/180?cb=20151122042530'); 
INSERT INTO ponies_AssocCharacterPlace (Character_id, Place_id) VALUES (103,42);
INSERT INTO ponies_AssocCharacterKind (Character_id, Kind_id) VALUES (103,4);

INSERT INTO ponies_character (id, name, description, image) VALUES (104,'Gladmane','Gladmane is a male Earth pony and the antagonist of the season six episode Viva Las Pegasus. He is the former owner of a luxury resort hotel in Las Pegasus and Flim and Flam\'s former employer.','https://static.wikia.nocookie.net/mlp/images/6/67/Gladmane_ID_S6E20.png/revision/latest/scale-to-width-down/200?cb=20160919000332'); 
INSERT INTO ponies_AssocCharacterPlace (Character_id, Place_id) VALUES (104,125);
INSERT INTO ponies_AssocCharacterKind (Character_id, Kind_id) VALUES (104,4);

INSERT INTO ponies_character (id, name, description, image) VALUES (105,'Diamond Dogs','The Diamond Dogs are a group of dog creatures who first appear as the antagonists of the episode A Dog and Pony Show, led by the three dogs Rover, Fido, and Spot. After they see Rarity using her gem-finding spell, they kidnap her and force her to find gems for them. They are not particularly smart, allowing Rarity to trick them with ease. Their human counterparts appear in the Rainbow Rocks animated short Player Piano and make cameo appearances in My Little Pony Equestria Girls: Rainbow Rocks and My Little Pony Equestria Girls: Friendship Games.','https://static.wikia.nocookie.net/mlp/images/d/d8/DD_Rover_ID_S1E19.png/revision/latest/scale-to-width-down/160?cb=20140618135048'); 
INSERT INTO ponies_AssocCharacterPlace (Character_id, Place_id) VALUES (105,126);
INSERT INTO ponies_AssocCharacterKind (Character_id, Kind_id) VALUES (105,40);

INSERT INTO ponies_character (id, name, description, image) VALUES (106,'Principal Cinch','Principal Cinch is a female human and the main[1] antagonist in My Little Pony Equestria Girls: Friendship Games. She is the former headmistress of Crystal Prep Academy. She is named Principal Abacus Cinch in the film\'s opening and closing credits and with a trademark symbol on her Enterplay trading card Equestrian Friends #27.','https://static.wikia.nocookie.net/mlp/images/5/5d/Principal_Cinch_ID_EG3.png/revision/latest/scale-to-width-down/120?cb=20151017144507'); 
INSERT INTO ponies_AssocCharacterPlace (Character_id, Place_id) VALUES (106,118);
INSERT INTO ponies_AssocCharacterKind (Character_id, Kind_id) VALUES (106,38);

INSERT INTO ponies_character (id, name, description, image) VALUES (107,'Sludge','Sludge is a male dragon who appears as the antagonist of the season eight episode Father Knows Beast, pretending to be Spike\'s father. He is named Shale in some merchandise.','https://static.wikia.nocookie.net/mlp/images/8/84/Sludge_ID_S8E24.png/revision/latest/scale-to-width-down/250?cb=20181022161527'); 
INSERT INTO ponies_AssocCharacterPlace (Character_id, Place_id) VALUES (107,34);
INSERT INTO ponies_AssocCharacterKind (Character_id, Kind_id) VALUES (107,15);

INSERT INTO ponies_character (id, name, description, image) VALUES (108,'Hoity Toity','Hoity Toity is a fancy Earth pony and a major representative of the fashion world from Canterlot. The term "hoity toity" means "self-important, haughty, or pompous". Hoity Toity\'s character design is strongly reminiscent of the late German fashion designer Karl Lagerfeld, the same basis as "Strke Kragen", in the style of his mane and clothing. His accent is a stereotypical upper class American one.','https://static.wikia.nocookie.net/mlp/images/9/91/Hoity_Toity_thumb_2_S1E14.png/revision/latest/scale-to-width-down/250?cb=20120624223954'); 
INSERT INTO ponies_AssocCharacterPlace (Character_id, Place_id) VALUES (108,29);
INSERT INTO ponies_AssocCharacterKind (Character_id, Kind_id) VALUES (108,4);

INSERT INTO ponies_character (id, name, description, image) VALUES (109,'Photo Finish','Photo Finish is a female Earth pony and famous fashion photographer in Equestria who first appears in the season one episode Green Isn\'t Your Color.','https://static.wikia.nocookie.net/mlp/images/c/c0/Photo_Finish_S1E20_thumb.png/revision/latest/scale-to-width-down/250?cb=20120627225352'); 
INSERT INTO ponies_AssocCharacterKind (Character_id, Kind_id) VALUES (109,4);

INSERT INTO ponies_character (id, name, description, image) VALUES (110,'Sapphire Shores','Sapphire Shores is a famous female Earth pony pop star singer from Canterlot, whom Rarity addresses as "The Pony of Pop". She first appears in the episode A Dog and Pony Show.','https://static.wikia.nocookie.net/mlp/images/a/a5/Sapphire_Shores_ID_S4E19.png/revision/latest/scale-to-width-down/200?cb=20140325182812'); 
INSERT INTO ponies_AssocCharacterPlace (Character_id, Place_id) VALUES (110,29);
INSERT INTO ponies_AssocCharacterKind (Character_id, Kind_id) VALUES (110,41);
INSERT INTO ponies_AssocCharacterKind (Character_id, Kind_id) VALUES (110,3);

INSERT INTO ponies_character (id, name, description, image) VALUES (111,'Fancy Pants','Fancy Pants, or Fancypants, is a male unicorn of Canterlot high society who is introduced in the episode Sweet and Elite. Rarity describes him as the most important pony in Canterlot. His entourage frequently change their opinions to agree with his own.','https://static.wikia.nocookie.net/mlp/images/9/9b/Fancy_Pants_ID_S5E10.png/revision/latest/scale-to-width-down/250?cb=20160326011020'); 
INSERT INTO ponies_AssocCharacterPlace (Character_id, Place_id) VALUES (111,29);
INSERT INTO ponies_AssocCharacterKind (Character_id, Kind_id) VALUES (111,6);

INSERT INTO ponies_character (id, name, description, image) VALUES (112,'Daring Do','Daring Do, or Daring Do Dazzle,[note 1] also known as A.K. Yearling,[note 2] is a female Pegasus pony, the titular character and the author of the Daring Do book series, based on her adventures. She first appears in storybook form in the season two episode Read It and Weep and physically debuts in the season four episode Daring Don\'t.','https://static.wikia.nocookie.net/mlp/images/a/af/Daring_Do_ID_S7E18.png/revision/latest/scale-to-width-down/240?cb=20170905174341'); 
INSERT INTO ponies_AssocCharacterPlace (Character_id, Place_id) VALUES (112,132);
INSERT INTO ponies_AssocCharacterKind (Character_id, Kind_id) VALUES (112,39);

INSERT INTO ponies_character (id, name, description, image) VALUES (113,'Prim Hemline','Prim Hemline is a female Earth pony who appears in the season four episodes Rarity Takes Manehattan and Equestria Games. She is a fashion critic and judge for Manehattan\'s Fashion Week.','https://static.wikia.nocookie.net/mlp/images/b/b5/Prim_Hemline_ID_S4E08.png/revision/latest/scale-to-width-down/220?cb=20140107052458'); 
INSERT INTO ponies_AssocCharacterPlace (Character_id, Place_id) VALUES (113,42);
INSERT INTO ponies_AssocCharacterKind (Character_id, Kind_id) VALUES (113,7);

INSERT INTO ponies_character (id, name, description, image) VALUES (114,'Trenderhoof','Trenderhoof is a male unicorn pony who appears in the episode Simple Ways. He is a traveling writer who writes for Equestria magazines.','https://static.wikia.nocookie.net/mlp/images/5/55/Trenderhoof_ID_S4E13.png/revision/latest/scale-to-width-down/180?cb=20140207140015'); 
INSERT INTO ponies_AssocCharacterKind (Character_id, Kind_id) VALUES (114,12);

INSERT INTO ponies_character (id, name, description, image) VALUES (115,'Coloratura','Coloratura, nicknamed Rara and stage-named Countess Coloratura, is a female Earth pony and supporting character who appears in the season five episode The Mane Attraction and the season nine episode The Last Problem. She is a famous pop singer in Equestria and a childhood friend of Applejack\'s.','https://static.wikia.nocookie.net/mlp/images/4/4f/Coloratura_ID_S5E24.png/revision/latest/scale-to-width-down/200?cb=20160331020344'); 
INSERT INTO ponies_AssocCharacterPlace (Character_id, Place_id) VALUES (115,42);
INSERT INTO ponies_AssocCharacterKind (Character_id, Kind_id) VALUES (115,7);

INSERT INTO ponies_character (id, name, description, image) VALUES (116,'Zesty Gourmand','Zesty Gourmand is a female unicorn pony and representative of Canterlot high society who appears in the season six episode Spice Up Your Life. She is a critic whose particular tastes and harsh ratings pressure the restaurateurs of Canterlot to accommodate her at the cost of their individuality.','https://static.wikia.nocookie.net/mlp/images/d/d0/Zesty_Gourmand_ID_S6E12.png/revision/latest/scale-to-width-down/250?cb=20160611223614'); 
INSERT INTO ponies_AssocCharacterPlace (Character_id, Place_id) VALUES (116,29);
INSERT INTO ponies_AssocCharacterKind (Character_id, Kind_id) VALUES (116,6);

INSERT INTO ponies_character (id, name, description, image) VALUES (117,'Songbird Serenade','Songbird Serenade is a female Pegasus pony who appears as a supporting character in My Little Pony The Movie, a central character in the chapter book Beyond Equestria: Pinkie Pie Steps Up, and in the IDW comics\' My Little Pony: Ponyville Mysteries Issue #5. She is the biggest pop star in Equestria and the headlining act for the Friendship Festival.','https://static.wikia.nocookie.net/mlp/images/3/31/Songbird_Serenade_ID_MLPTM.png/revision/latest/scale-to-width-down/180?cb=20171013144042'); 
INSERT INTO ponies_AssocCharacterPlace (Character_id, Place_id) VALUES (117,136);
INSERT INTO ponies_AssocCharacterKind (Character_id, Kind_id) VALUES (117,5);

INSERT INTO ponies_character (id, name, description, image) VALUES (118,'Spitfire','Spitfire is a female Pegasus pony and the captain of the aerial acrobatics group, the Wonderbolts. She makes her debut in Sonic Rainboom and her name is first used in The Best Night Ever. She and Soarin are the first two members of the Wonderbolts to be named on the show. Spitfire is a term denoting a person with a fierce temper. The Supermarine Spitfire is also the name of an iconic British-produced, high-performance Allied fighter aircraft used in the Second World War.','https://static.wikia.nocookie.net/mlp/images/1/13/Spitfire_ID_S6E7.png/revision/latest/scale-to-width-down/225?cb=20160509154751'); 
INSERT INTO ponies_AssocCharacterKind (Character_id, Kind_id) VALUES (118,39);

INSERT INTO ponies_character (id, name, description, image) VALUES (119,'Soarin','Soarin,[8] or Soarin\', is a male Pegasus pony and a member of the Wonderbolts. He appears in multiple episodes of the series, making his debut in The Ticket Master, in Rainbow Dash\'s fantasy. Soarin makes his speaking debut in The Best Night Ever, which is also where his name is mentioned by Spitfire, the captain of the Wonderbolts. He also appears to have a huge love for apple pie, as seen in The Best Night Ever. The shoulder boards on his shirt in A Canterlot Wedding - Part 2 signify he is a commander of the Wonderbolts, and as second-in-command, issues orders when Spitfire is absent in Rarity Investigates!','https://static.wikia.nocookie.net/mlp/images/9/98/Soarin_ID_S4E10.png/revision/latest/scale-to-width-down/225?cb=20140202035823'); 
INSERT INTO ponies_AssocCharacterKind (Character_id, Kind_id) VALUES (119,39);

INSERT INTO ponies_character (id, name, description, image) VALUES (120,'Blaze','Blaze is a female Pegasus pony and a member of the aerial acrobatics group, the Wonderbolts. She first appears in The Ticket Master, and she has a speaking role in Rarity Investigates!','https://static.wikia.nocookie.net/mlp/images/9/9a/Blaze_ID_S6E7.png/revision/latest/scale-to-width-down/170?cb=20160509155816'); 
INSERT INTO ponies_AssocCharacterKind (Character_id, Kind_id) VALUES (120,39);

INSERT INTO ponies_character (id, name, description, image) VALUES (121,'Surprise','Surprise is a female Pegasus pony and a member of the aerial acrobatics group, the Wonderbolts. She first appears in The Ticket Master, and she has a speaking role in Newbie Dash, My Little Pony Micro-Series Issue #8, and My Little Pony Annual 2017. She is not named in the show, credited only as "Wonderbolt 1" in Newbie Dash, but she is named in merchandise and other media.','https://static.wikia.nocookie.net/mlp/images/d/df/Surprise_ID_S6E7.png/revision/latest/scale-to-width-down/240?cb=20160509155521'); 
INSERT INTO ponies_AssocCharacterKind (Character_id, Kind_id) VALUES (121,5);

INSERT INTO ponies_character (id, name, description, image) VALUES (122,'Fire Streak','Fire Streak, or Lightning Dash, is a male Pegasus pony and a retired member of the aerial acrobatics group, the Wonderbolts. He first appears in the season one episode Sonic Rainboom. He is named Fire Streak in Newbie Dash and Parental Glideance, and he is named both Fire Streak and Lightning Dash in merchandise.','https://static.wikia.nocookie.net/mlp/images/7/7a/Fire_Streak_ID_S5E15.png/revision/latest/scale-to-width-down/200?cb=20170512233852'); 
INSERT INTO ponies_AssocCharacterKind (Character_id, Kind_id) VALUES (122,42);

INSERT INTO ponies_character (id, name, description, image) VALUES (123,'Misty Fly','Misty Fly is a female Pegasus pony and a member of the aerial acrobatics group, the Wonderbolts. She first appears in Sonic Rainboom, and she has speaking roles in Rarity Investigates!, Newbie Dash, Top Bolt, and Grannies Gone Wild. She is named Icy Mist in some merchandise.','https://static.wikia.nocookie.net/mlp/images/1/10/Misty_Fly_ID_S6E7.png/revision/latest/scale-to-width-down/220?cb=20160509155217'); 
INSERT INTO ponies_AssocCharacterKind (Character_id, Kind_id) VALUES (123,5);

INSERT INTO ponies_character (id, name, description, image) VALUES (124,'Silver Zoom','Silver Zoom, or Silver Lining, is a male Pegasus pony and a member of the aerial acrobatics group, the Wonderbolts. He first appears in the season one episode Sonic Rainboom. He is not named in the show, but he is named varyingly in merchandise.','https://static.wikia.nocookie.net/mlp/images/8/88/Silver_Zoom_ID_S6E7.png/revision/latest/scale-to-width-down/160?cb=20161113220552'); 
INSERT INTO ponies_AssocCharacterKind (Character_id, Kind_id) VALUES (124,5);

INSERT INTO ponies_character (id, name, description, image) VALUES (125,'Fleetfoot','Fleetfoot is a female Pegasus pony and a member of the aerial acrobatics group, the Wonderbolts. She first appears in The Best Night Ever, and she is first mentioned by name in Sweet and Elite.','https://static.wikia.nocookie.net/mlp/images/9/95/Fleetfoot_ID_S6E7.png/revision/latest/scale-to-width-down/225?cb=20171101081654'); 
INSERT INTO ponies_AssocCharacterKind (Character_id, Kind_id) VALUES (125,39);

INSERT INTO ponies_character (id, name, description, image) VALUES (126,'High Winds','High Winds is a female Pegasus pony and a member of the aerial acrobatics group, the Wonderbolts. She first appears in The Best Night Ever, and she has a brief speaking role in Newbie Dash. She is not named in the show, credited only as "Wonderbolt 2" in Newbie Dash, but she is named in merchandise.','https://static.wikia.nocookie.net/mlp/images/a/ab/High_Winds_ID_S6E7.png/revision/latest/scale-to-width-down/200?cb=20160709223519'); 
INSERT INTO ponies_AssocCharacterKind (Character_id, Kind_id) VALUES (126,39);

INSERT INTO ponies_character (id, name, description, image) VALUES (127,'Thunderlane','Thunderlane is a male Pegasus pony who first appears in the episode Hurricane Fluttershy. He has a dark gray coat, amber eyes and a blue-silver mane. His cutie mark is a storm cloud with a lightning bolt descending from it. He shares his design and eye color with Stormbreaker. He is Rumble\'s older brother.','https://static.wikia.nocookie.net/mlp/images/c/c8/Thunderlane_S02E22_thumb.png/revision/latest/scale-to-width-down/225?cb=20171002195633'); 
INSERT INTO ponies_AssocCharacterPlace (Character_id, Place_id) VALUES (127,52);
INSERT INTO ponies_AssocCharacterKind (Character_id, Kind_id) VALUES (127,5);

INSERT INTO ponies_character (id, name, description, image) VALUES (128,'Nurse Redheart','Nurse Redheart is a female Earth pony who works as a nurse at Ponyville Hospital. She has a white coat, pink mane and tail, blue eyes, and a varying cutie mark at least of a medical cross with a heart in each corner. She wears a nurse\'s cap that bears an emblem with the same design as her cutie mark.','https://static.wikia.nocookie.net/mlp/images/5/5d/Nurse_Redheart_ID_S7E3.png/revision/latest/scale-to-width-down/240?cb=20170503175548'); 
INSERT INTO ponies_AssocCharacterPlace (Character_id, Place_id) VALUES (128,52);
INSERT INTO ponies_AssocCharacterKind (Character_id, Kind_id) VALUES (128,7);

INSERT INTO ponies_character (id, name, description, image) VALUES (129,'Dr. Horse','Dr. Horse, or Doc Top, is a male Earth pony pediatrician who first appears in the season two episode Secret of My Excess. He has a light brown coat, orange mane and tail, gold eyes, and a cutie mark of a stethoscope and varying first aid kit. He is named "Dr. Horse" in the show and "Doc Top" in merchandise.','https://static.wikia.nocookie.net/mlp/images/2/20/Doc_Top_ID_S2E10.png/revision/latest/scale-to-width-down/220?cb=20111212174236'); 
INSERT INTO ponies_AssocCharacterKind (Character_id, Kind_id) VALUES (129,4);

INSERT INTO ponies_character (id, name, description, image) VALUES (130,'Dr. Fauna','Dr. Fauna, also called Mane Goodall and Mane Cureall, is a female Earth pony veterinarian who first appears in the season two episode Secret of My Excess. She has a light yellow coat, two-tone blue mane and tail, brown eyes, and a cutie mark of a dog\'s head, cat\'s head, and white bird. She is named "Dr. Fauna" in the show and "Mane Goodall" and "Mane Cureall" in merchandise.','https://static.wikia.nocookie.net/mlp/images/c/c0/Mane_Goodall_smiling_at_Spike_S2E10.png/revision/latest/scale-to-width-down/220?cb=20160119194822'); 
INSERT INTO ponies_AssocCharacterKind (Character_id, Kind_id) VALUES (130,4);

INSERT INTO ponies_character (id, name, description, image) VALUES (131,'Doctor Horse','Doctor Horse, also called Dr. Greymare, Dr Horse, or Doctor Horses, is a male pony who appears in Read It and Weep, Pinkie Pride, Equestria Games, A Health of Information, My Little Pony: Friends Forever Issue #27, and My Little Pony: Friendship is Magic Issue #81. He is a unicorn in My Little Pony Friendship is Magic, Friends Forever Issue 27, My Little Pony: Ponyville Mysteries Issue #1 cover A, Gameloft\'s mobile game, and some merchandise, while he is an Earth pony in Friendship is Magic Issue 81, Tails of Equestria, and most merchandise. He has a cream caramel coat, caramel brown or yellow mane and tail, dark cyan eyes, and a cutie mark of an electrocardiograph monitor. He works at Ponyville Hospital as an M.D. He is unnamed in the show and most comics, his unicorn version only being addressed as "Doctor" by Twilight Sparkle and as "Doc" by Rainbow Dash and Applejack, but his unicorn version is named "Doctor Horse" in software and part of some merchandise and "Doctor Horses" in another part of some merchandise, and his Earth pony version is named "Dr. Greymare" in one comic and "Dr Horse" in other merchandise.[note 1]','https://static.wikia.nocookie.net/mlp/images/9/90/Doctor_Horse_ID_S2E16.png/revision/latest/scale-to-width-down/200?cb=20140712174722'); 
INSERT INTO ponies_AssocCharacterKind (Character_id, Kind_id) VALUES (131,43);

INSERT INTO ponies_character (id, name, description, image) VALUES (132,'Nurse ponies','Nurse ponies are ponies who work as nurses at Ponyville Hospital and appear in Applebuck Season, Read It and Weep, Where the Apple Lies, and other episodes. Most are unnamed in the show, "Nurse Sweetheart", "Nurse Tenderheart", and "Nursery Rhyme" being placeholder names, but Nurse Snowheart is named in merchandise and other media.','https://static.wikia.nocookie.net/mlp/images/2/2d/Full_view_of_Ponyville_Hospital_surgery_theater_S6E23.png/revision/latest/scale-to-width-down/250?cb=20161009173132'); 
INSERT INTO ponies_AssocCharacterKind (Character_id, Kind_id) VALUES (132,44);

INSERT INTO ponies_character (id, name, description, image) VALUES (133,'Mage Meadowbrook','Mage Meadowbrook, or simply Meadowbrook, is a female Earth pony and figure of Equestrian legend first mentioned in season five\'s The Cutie Map - Part 1. She makes her first physical appearance in My Little Pony: Friendship is Magic Issue #58 and her first in-show appearance in the season seven episode A Health of Information.','https://static.wikia.nocookie.net/mlp/images/d/df/Mage_Meadowbrook_ID_S7E20.png/revision/latest/scale-to-width-down/200?cb=20170924235649'); 
INSERT INTO ponies_AssocCharacterPlace (Character_id, Place_id) VALUES (133,139);
INSERT INTO ponies_AssocCharacterKind (Character_id, Kind_id) VALUES (133,4);

INSERT INTO ponies_character (id, name, description, image) VALUES (134,'Flash Magnus','Flash Magnus is a male Pegasus pony and figure of Equestrian legend. He makes his first appearance in My Little Pony: Legends of Magic Issue #4 and his first in-show appearance in the season seven episode Campfire Tales.','https://static.wikia.nocookie.net/mlp/images/c/c0/Flash_Magnus_ID_S7E26.png/revision/latest/scale-to-width-down/220?cb=20171012212527'); 
INSERT INTO ponies_AssocCharacterPlace (Character_id, Place_id) VALUES (134,140);
INSERT INTO ponies_AssocCharacterKind (Character_id, Kind_id) VALUES (134,5);

INSERT INTO ponies_character (id, name, description, image) VALUES (135,'Mistmane','Mistmane is a female unicorn pony and figure of Equestrian legend first mentioned in season six\'s The Crystalling - Part 2. She makes her first physical appearance in My Little Pony: Legends of Magic Issue #3 and her first in-show appearance in the season seven episode Campfire Tales.','https://static.wikia.nocookie.net/mlp/images/2/2e/Mistmane_ID_S7E16.png/revision/latest/scale-to-width-down/220?cb=20170829034934'); 
INSERT INTO ponies_AssocCharacterPlace (Character_id, Place_id) VALUES (135,141);
INSERT INTO ponies_AssocCharacterKind (Character_id, Kind_id) VALUES (135,6);

INSERT INTO ponies_character (id, name, description, image) VALUES (136,'Rockhoof','Rockhoof is a male Earth pony and figure of Equestrian legend first mentioned in season six\'s The Crystalling - Part 2. He makes his first physical appearance in My Little Pony: Legends of Magic Issue #2 and his first in-show appearance in the season seven episode Campfire Tales.','https://static.wikia.nocookie.net/mlp/images/0/0f/Rockhoof_ID_S7E16.png/revision/latest/scale-to-width-down/200?cb=20170828234747'); 
INSERT INTO ponies_AssocCharacterPlace (Character_id, Place_id) VALUES (136,142);
INSERT INTO ponies_AssocCharacterKind (Character_id, Kind_id) VALUES (136,4);

INSERT INTO ponies_character (id, name, description, image) VALUES (137,'Somnambula','Somnambula is a female Pegasus and figure of Equestrian legend first mentioned in season six\'s The Crystalling - Part 2. She makes her first appearance in the IDW comics\' My Little Pony: Legends of Magic Issue #5 and her first in-show appearance in the season seven episode Daring Done?','https://static.wikia.nocookie.net/mlp/images/7/70/Somnambula_ID_S7E18.png/revision/latest/scale-to-width-down/220?cb=20170906171133'); 
INSERT INTO ponies_AssocCharacterPlace (Character_id, Place_id) VALUES (137,143);
INSERT INTO ponies_AssocCharacterKind (Character_id, Kind_id) VALUES (137,5);

INSERT INTO ponies_character (id, name, description, image) VALUES (138,'Star Swirl the Bearded','Star Swirl the Bearded is a male unicorn who is alluded to in various episodes and other media before making his first physical appearance in the season seven finale Shadow Play. He also appears in the IDW comics and Budge Studios\' mobile game Harmony Quest. He is first mentioned by Twilight Sparkle in Luna Eclipsed as "the most important conjurer of the pre-classical era."','https://static.wikia.nocookie.net/mlp/images/7/76/Star_Swirl_the_Bearded_ID_S7E26.png/revision/latest/scale-to-width-down/200?cb=20171012212227'); 
INSERT INTO ponies_AssocCharacterKind (Character_id, Kind_id) VALUES (138,6);

INSERT INTO ponies_character (id, name, description, image) VALUES (139,'Royal guards','The royal guards, some also referred to as the E.U.P. (Earth, Unicorn, Pegasus) Guard of the Protective Pony Platoons,[note 1] are various groups of armored ponies, griffons, Hippogriffs, or gargoyles that serve various members of royalty. They act as bodyguards, ceremonial guards in festivities, soldiers, and chauffeurs on several occasions. The guards are generally shown wearing extremely serious expressions and usually don\'t speak, but when they do, their voice is provided by Jayson Thiessen,[3] Andrew Francis, Peter New, Ian Hanlin, Brian Drummond, Jason Simpson and/or Scott Underwood. Their cutie marks are obscured by their uniforms.','https://static.wikia.nocookie.net/mlp/images/f/ff/Earth_royal_guard_ID_S3E01.png/revision/latest/scale-to-width-down/210?cb=20131218184910'); 
INSERT INTO ponies_AssocCharacterPlace (Character_id, Place_id) VALUES (139,149);
INSERT INTO ponies_AssocCharacterKind (Character_id, Kind_id) VALUES (139,45);

INSERT INTO ponies_character (id, name, description, image) VALUES (140,'Mayor Mare','Mayor Mare is a female Earth pony and the mayor of Ponyville who first appears in Friendship is Magic, part 1. She is frequently depicted giving speeches.','https://static.wikia.nocookie.net/mlp/images/6/68/Mayor_Mare_id_S02E15.png/revision/latest/scale-to-width-down/230?cb=20150916054559'); 
INSERT INTO ponies_AssocCharacterPlace (Character_id, Place_id) VALUES (140,150);
INSERT INTO ponies_AssocCharacterKind (Character_id, Kind_id) VALUES (140,4);

INSERT INTO ponies_character (id, name, description, image) VALUES (141,'Cheerilee','Miss Cheerilee is a female Earth pony in Ponyville and supporting character in the show. She is a teacher at the Ponyville Schoolhouse.','https://static.wikia.nocookie.net/mlp/images/3/3d/Cheerilee_ID_S2E17.png/revision/latest/scale-to-width-down/240?cb=20150709040905'); 
INSERT INTO ponies_AssocCharacterPlace (Character_id, Place_id) VALUES (141,151);
INSERT INTO ponies_AssocCharacterKind (Character_id, Kind_id) VALUES (141,4);

INSERT INTO ponies_character (id, name, description, image) VALUES (142,'Spa ponies','The spa ponies, Lotus Blossom and Aloe, are two female Earth ponies who work at their co-owned[4][5] Ponyville Day Spa. In some credits and different merchandise, Lotus Blossom is called Lotus Bloom or simply Lotus, and Aloe is called Aloe Vera.','https://static.wikia.nocookie.net/mlp/images/8/87/Lotus_Blossom_id_S1E9.png/revision/latest/scale-to-width-down/250?cb=20130204012145'); 
INSERT INTO ponies_AssocCharacterPlace (Character_id, Place_id) VALUES (142,52);
INSERT INTO ponies_AssocCharacterKind (Character_id, Kind_id) VALUES (142,4);

INSERT INTO ponies_character (id, name, description, image) VALUES (143,'Sheriff Silverstar','Sheriff Silverstar is a male Earth pony who first appears in the season one episode Over a Barrel. He serves as the sheriff of Appleloosa.','https://static.wikia.nocookie.net/mlp/images/d/df/Sheriff_Silverstar_ID_S5E6.png/revision/latest/scale-to-width-down/200?cb=20150502204538'); 
INSERT INTO ponies_AssocCharacterPlace (Character_id, Place_id) VALUES (143,41);
INSERT INTO ponies_AssocCharacterKind (Character_id, Kind_id) VALUES (143,4);

INSERT INTO ponies_character (id, name, description, image) VALUES (144,'Davenport','Davenport is a male Earth pony and the owner of Quills and Sofas, a store in Ponyville that sells quills and sofas. He is named directly in It Isn\'t the Mane Thing About You and merchandise and indirectly in some other media.','https://static.wikia.nocookie.net/mlp/images/0/00/Davenport_ID_S3E13.png/revision/latest/scale-to-width-down/180?cb=20150421011640'); 
INSERT INTO ponies_AssocCharacterPlace (Character_id, Place_id) VALUES (144,52);
INSERT INTO ponies_AssocCharacterKind (Character_id, Kind_id) VALUES (144,4);

INSERT INTO ponies_character (id, name, description, image) VALUES (145,'Twilight Velvet and Night Light','Twilight Velvet and Night Light, also called Mrs. Sparkle and Mr. Sparkle respectively, are the married unicorn parents of Twilight Sparkle and Shining Armor and paternal grandparents of Flurry Heart who live in Canterlot. They first appear in The Cutie Mark Chronicles, and have made very few appearances in the show since. They are named varyingly in credits, merchandise, and other depictions.','https://static.wikia.nocookie.net/mlp/images/4/4b/Twilight_Velvet_id_S1E23.png/revision/latest/scale-to-width-down/250?cb=20131227060301'); 
INSERT INTO ponies_AssocCharacterPlace (Character_id, Place_id) VALUES (145,29);
INSERT INTO ponies_AssocCharacterKind (Character_id, Kind_id) VALUES (145,6);

INSERT INTO ponies_character (id, name, description, image) VALUES (146,'Joe','Joe, also known as Pony Joe and Donut Joe, is a male unicorn pony and baker who appears in several episodes and the IDW comics. He shares his design and eye color with S04E20 Unnamed Unicorn Stallion #1 and has a similar color scheme to Cherry Gold and MandoPony and Feather Bangs. The name "Joe" is a diminutive form of the name "Joseph." Given his affiliation toward donuts, it\'s also possible that Joe refers to the slang term for coffee.','https://static.wikia.nocookie.net/mlp/images/b/b4/Joe_ID_S2E24.png/revision/latest/scale-to-width-down/180?cb=20150630185710'); 
INSERT INTO ponies_AssocCharacterPlace (Character_id, Place_id) VALUES (146,29);
INSERT INTO ponies_AssocCharacterKind (Character_id, Kind_id) VALUES (146,6);

INSERT INTO ponies_character (id, name, description, image) VALUES (147,'Hondo Flanks and Cookie Crumbles','Hondo Flanks, also known as Magnum, and Cookie Crumbles, also known as Betty Bouffant, are the married unicorn parents of Rarity and Sweetie Belle. They appear together in Sisterhooves Social, Inspiration Manifestation, and one issue of the IDW comics, and Hondo Flanks appears alone in One Bad Apple. The two are not named in the show, but they are named in other depictions.','https://static.wikia.nocookie.net/mlp/images/7/7f/Hondo_Flanks_ID_S4E23.png/revision/latest/scale-to-width-down/200?cb=20140614061240'); 
INSERT INTO ponies_AssocCharacterKind (Character_id, Kind_id) VALUES (147,6);

INSERT INTO ponies_character (id, name, description, image) VALUES (148,'Jet Set and Upper Crust','Jet Set and Upper Crust are married upper class unicorns, who reside in Canterlot. They first appear in Sweet and Elite. Both of them have unique hair designs. The phrases \'upper crust\' and \'jet set\' are both synonyms of upper class society members.','https://static.wikia.nocookie.net/mlp/images/0/0e/Jet_Set_ID_S5E10.png/revision/latest/scale-to-width-down/200?cb=20150830005653'); 
INSERT INTO ponies_AssocCharacterKind (Character_id, Kind_id) VALUES (148,12);

INSERT INTO ponies_character (id, name, description, image) VALUES (149,'Fancy Pants\' entourage','Swan Song, Golden Gavel, and Silver Frames are three ponies who first appear in Sweet and Elite. They are unnamed in the show, but they are named in merchandise, and Swan Song is also named in another depiction.','https://static.wikia.nocookie.net/mlp/images/3/3e/Trio_shocked_S02E09.png/revision/latest/scale-to-width-down/250?cb=20121204173749'); 
INSERT INTO ponies_AssocCharacterKind (Character_id, Kind_id) VALUES (149,46);

INSERT INTO ponies_character (id, name, description, image) VALUES (150,'Fleur de Lis','Fleur de Lis, or Fleur Dis Lee, is a female unicorn supermodel who first appears in the season two episode Sweet and Elite. She is unnamed in both the show and the comics, but she is named "Fleur de Lis" in first-party merchandise and "Fleur Dis Lee" in other merchandise and depictions. She is typically accompanied by Fancy Pants.','https://static.wikia.nocookie.net/mlp/images/2/20/Fleur_Dis_Lee_startled_S2E09.png/revision/latest/scale-to-width-down/240?cb=20151014110946'); 
INSERT INTO ponies_AssocCharacterPlace (Character_id, Place_id) VALUES (150,29);
INSERT INTO ponies_AssocCharacterKind (Character_id, Kind_id) VALUES (150,12);

INSERT INTO ponies_character (id, name, description, image) VALUES (151,'Junebug','Junebug is a female Earth pony who first appears in the season two episode Secret of My Excess. She has a dark chartreuse coat, a two-toned orange mane, and mint green eyes. Her cutie mark is of three leaf sprigs in the show and a bumblebee in merchandise and other media.','https://static.wikia.nocookie.net/mlp/images/1/17/Junebug_ID_S2E10.png/revision/latest/scale-to-width-down/160?cb=20111213200330'); 
INSERT INTO ponies_AssocCharacterPlace (Character_id, Place_id) VALUES (151,52);
INSERT INTO ponies_AssocCharacterKind (Character_id, Kind_id) VALUES (151,41);

INSERT INTO ponies_character (id, name, description, image) VALUES (152,'Friendship Express train conductors','All Aboard and Steamer are the placeholder names of two male Earth ponies who work as Friendship Express train conductors. They are officially unnamed, being referred to simply by their titles: "All Aboard" is Conductor in some episode credits, Gameloft\'s mobile game, and some episode scripts, is Conductor Pony in short credits, some episode scripts, and short script(s), is Ticket Agent in some episode credits and some episode scripts, and is Porter Pony in some episode credits and some episode script(s); "Steamer" is Train Conductor in credits and scripts.','https://static.wikia.nocookie.net/mlp/images/3/30/All_Aboard_ID_S3E04.png/revision/latest/scale-to-width-down/200?cb=20140713014250'); 
INSERT INTO ponies_AssocCharacterKind (Character_id, Kind_id) VALUES (152,4);

INSERT INTO ponies_character (id, name, description, image) VALUES (153,'Cherry Jubilee','Cherry Jubilee is a female Earth pony who first appears in the season two episode The Last Roundup. She is the owner and boss of Cherry Hill Ranch in Dodge Junction. She is called Cherries Jubilant in some merchandise.','https://static.wikia.nocookie.net/mlp/images/1/13/Cherry_Jubilee_id_S02E14.png/revision/latest/scale-to-width-down/200?cb=20121205061839'); 
INSERT INTO ponies_AssocCharacterPlace (Character_id, Place_id) VALUES (153,159);
INSERT INTO ponies_AssocCharacterKind (Character_id, Kind_id) VALUES (153,4);

INSERT INTO ponies_character (id, name, description, image) VALUES (154,'Roma','Roma is the placeholder name of a female Earth pony with a cream-yellow coat, two-tone brown mane, blue-green eyes, and a cutie mark of three tomatoes. She is unnamed in the show, credited only as "Vendor" in the closing credits of One Bad Apple and referred to as "MARKET SALESPONY" in the My Little Pony guidebook The Elements of Harmony.','https://static.wikia.nocookie.net/mlp/images/d/d5/Roma_ID_S2E19.png/revision/latest/scale-to-width-down/180?cb=20160113192129'); 
INSERT INTO ponies_AssocCharacterKind (Character_id, Kind_id) VALUES (154,4);

INSERT INTO ponies_character (id, name, description, image) VALUES (155,'Gizmo','Gizmo, Poindexter, or Gyro is a male Earth pony who appears in the episodes Putting Your Hoof Down, Just for Sidekicks, and Trade Ya! and in the IDW comics. He is unnamed in the show, but he is named "Gizmo" with a trademark symbol and "Gyro" in different versions of merchandise and named "Poindexter" in the comics.','https://static.wikia.nocookie.net/mlp/images/c/c2/Gizmo_ID_S2E19.png/revision/latest/scale-to-width-down/240?cb=20120306100925'); 
INSERT INTO ponies_AssocCharacterKind (Character_id, Kind_id) VALUES (155,4);

INSERT INTO ponies_character (id, name, description, image) VALUES (156,'Cloud Chaser','The name Cloud Chaser is used to refer to two separate characters: a female Pegasus pony and a male Pegasus pony.','https://static.wikia.nocookie.net/mlp/images/e/ee/Cloud_Chaser_ID_S2E22.png/revision/latest/scale-to-width-down/240?cb=20160510181500'); 
INSERT INTO ponies_AssocCharacterKind (Character_id, Kind_id) VALUES (156,5);

INSERT INTO ponies_character (id, name, description, image) VALUES (157,'Flitter','Flitter is a grayish blue Pegasus pony who wears a pink bow in her mane; she has a slightly slurred accent. Her cutie mark is three blue and white dragonflies, although the number of dragonflies changes sometimes.[specify]','https://static.wikia.nocookie.net/mlp/images/5/5b/Flitter_standing_CROPPED.png/revision/latest/scale-to-width-down/240?cb=20130528124239'); 
INSERT INTO ponies_AssocCharacterKind (Character_id, Kind_id) VALUES (157,5);

INSERT INTO ponies_character (id, name, description, image) VALUES (158,'Blossomforth','Blossomforth is a Pegasus pony who appears in the episodes Hurricane Fluttershy, Rainbow Falls, Inspiration Manifestation, and The One Where Pinkie Pie Knows and in the IDW comics\' Friends Forever Issue #9. She has a very light pink coat, a mane streaked cerise and mint green, bright blue eyes, and a cutie mark of two flowers. She shares her design, eye color, and in some merchandise cutie mark with Helia and has a mane design similar to Twilight Sparkle, Sweetcream Scoops, and Lovestruck.','https://static.wikia.nocookie.net/mlp/images/e/ee/Blossomforth_S02E22.png/revision/latest/scale-to-width-down/250?cb=20120319182457'); 
INSERT INTO ponies_AssocCharacterKind (Character_id, Kind_id) VALUES (158,5);

INSERT INTO ponies_character (id, name, description, image) VALUES (159,'Bulk Biceps','Bulk Biceps is a male Pegasus pony who first appears in the episode Hurricane Fluttershy. He has a white coat, a dirty-blond mane, and intense red eyes. He has an extraordinarily muscular character model.','https://static.wikia.nocookie.net/mlp/images/2/29/Bulk_Biceps_ID_S4E05.png/revision/latest/scale-to-width-down/250?cb=20131216183904'); 
INSERT INTO ponies_AssocCharacterKind (Character_id, Kind_id) VALUES (159,5);

INSERT INTO ponies_character (id, name, description, image) VALUES (160,'Ms. Peachbottom','Ms. Peachbottom is a female Earth pony who appears in Games Ponies Play and makes cameo appearances in Rarity Takes Manehattan, Equestria Games, and Uncommon Bond. She is mistaken for the Equestria Games Inspector by Rainbow Dash and her friends as they take her on an in-depth tour of the Crystal Empire over the course of the episode. She is unnamed in the show, but she is named in home media closed captioning and other depictions.','https://static.wikia.nocookie.net/mlp/images/9/98/Ms._Peachbottom_id_S3E12.png/revision/latest/scale-to-width-down/250?cb=20140403081911'); 
INSERT INTO ponies_AssocCharacterPlace (Character_id, Place_id) VALUES (160,160);
INSERT INTO ponies_AssocCharacterKind (Character_id, Kind_id) VALUES (160,4);

INSERT INTO ponies_character (id, name, description, image) VALUES (161,'Ms. Harshwhinny','Ms. Harshwhinny is a female Earth pony who is mentioned by title in the season three episode Just for Sidekicks and first appears in Games Ponies Play. She is the real Equestria Games inspector whom Ms. Peachbottom is mistaken for.','https://static.wikia.nocookie.net/mlp/images/7/7e/Ms._Harshwhinny_ID_S4E05.png/revision/latest/scale-to-width-down/210?cb=20140427172856'); 
INSERT INTO ponies_AssocCharacterKind (Character_id, Kind_id) VALUES (161,7);

INSERT INTO ponies_character (id, name, description, image) VALUES (162,'Flash Sentry','Flash Sentry is a male Pegasus pony who first appears in My Little Pony Equestria Girls as a Crystal Empire royal guard. Following his appearance in Equestria Girls, he has since appeared in series episodes and several IDW comics.','https://static.wikia.nocookie.net/mlp/images/2/28/Flash_Sentry_ID_S4E11.png/revision/latest/scale-to-width-down/200?cb=20140127190423'); 
INSERT INTO ponies_AssocCharacterKind (Character_id, Kind_id) VALUES (162,5);

INSERT INTO ponies_character (id, name, description, image) VALUES (163,'Coco Pommel','Coco Pommel, or Miss Pommel, is a female Earth pony and supporting character who first appears in the season four episode Rarity Takes Manehattan. She is a Bridleway dressmaker and Suri Polomare\'s former assistant.','https://static.wikia.nocookie.net/mlp/images/b/bc/Coco_Pommel_ID_S4E8.png/revision/latest/scale-to-width-down/230?cb=20140106102133'); 
INSERT INTO ponies_AssocCharacterPlace (Character_id, Place_id) VALUES (163,42);
INSERT INTO ponies_AssocCharacterKind (Character_id, Kind_id) VALUES (163,4);

INSERT INTO ponies_character (id, name, description, image) VALUES (164,'Cheese Sandwich','Cheese Sandwich is a male Earth pony and the self-titled "super duper party pony" who first appears in the season four episode Pinkie Pride. He has since appeared in later episodes, IDW comics, and other media. In the series finale The Last Problem, he is Pinkie Pie\'s husband years in the future.','https://static.wikia.nocookie.net/mlp/images/8/8d/Cheese_Sandwich_ID_S4E12.png/revision/latest/scale-to-width-down/180?cb=20140204004412'); 
INSERT INTO ponies_AssocCharacterPlace (Character_id, Place_id) VALUES (164,61);
INSERT INTO ponies_AssocCharacterPlace (Character_id, Place_id) VALUES (164,163);
INSERT INTO ponies_AssocCharacterKind (Character_id, Kind_id) VALUES (164,4);

INSERT INTO ponies_character (id, name, description, image) VALUES (165,'The Pony Tones','The Pony Tones, or Ponytones, are a vocal quintet who appear in Filli Vanilli. The group is initially a quartet consisting of Rarity (soprano), Big McIntosh (bass), Toe-Tapper (tenor), and Torch Song (alto); Fluttershy later joins the group as a part-time fifth member.','https://static.wikia.nocookie.net/mlp/images/d/d7/Fluttershy_and_Ponytones_%22got_the_music%22_2_S4E14.png/revision/latest/scale-to-width-down/225?cb=20140217173628'); 
INSERT INTO ponies_AssocCharacterKind (Character_id, Kind_id) VALUES (165,47);

INSERT INTO ponies_character (id, name, description, image) VALUES (166,'Randolph','Randolph is an elderly male Earth pony who appears in Twilight Time, Crusaders of the Lost Mark, and The Cart Before the Ponies as a butler for Diamond Tiara\'s family. He has a pale blue coat, white mane and tail, blue eyes, and a cutie mark of a feather duster.','https://static.wikia.nocookie.net/mlp/images/8/8f/Randolph_ID_S4E15.png/revision/latest/scale-to-width-down/200?cb=20140226190105'); 
INSERT INTO ponies_AssocCharacterKind (Character_id, Kind_id) VALUES (166,7);

INSERT INTO ponies_character (id, name, description, image) VALUES (167,'Silver Shill','Silver Shill is a male Earth pony who first appears in the episode Leap of Faith as an employee of Flim and Flam who helps endorse, and later sell, their fraudulent products. He also appears in the episodes Equestria Games and Twilight\'s Kingdom - Part 2.','https://static.wikia.nocookie.net/mlp/images/1/11/Silver_Shill_ID_S4E20.png/revision/latest/scale-to-width-down/200?cb=20140331183439'); 
INSERT INTO ponies_AssocCharacterKind (Character_id, Kind_id) VALUES (167,4);

INSERT INTO ponies_character (id, name, description, image) VALUES (168,'Stellar Eclipse','Stellar Eclipse is a male Pegasus who appears in Trade Ya! He has a milk chocolate brown coat, black and purple striped mane and tail, purple eyes, and a cutie mark of usually a sun symbol consisting of a pink circle surrounded by eight triangles; four large, purple ones, and four small, light pink ones -- in one shot, his cutie mark appears as an hourglass. He walks with a wheelchair cart.','https://static.wikia.nocookie.net/mlp/images/6/63/Stellar_Eclipse_ID_S4E22.png/revision/latest/scale-to-width-down/240?cb=20140421170028'); 
INSERT INTO ponies_AssocCharacterKind (Character_id, Kind_id) VALUES (168,5);

INSERT INTO ponies_character (id, name, description, image) VALUES (169,'Teddie Safari','Teddie Safari is the placeholder name of a female pony who first appears in Trade Ya! She has a very light yellow coat, brilliant gamboge and light amber mane and tail, moderate harlequin eyes, and a cutie mark of three teddy bears. She is unnamed in the show, only being referred to as "Daring Do Collector" in the credits of Trade Ya! and in The Journal of the Two Sisters, and as "Receptionist Pony" in the credits of The Point of No Return.','https://static.wikia.nocookie.net/mlp/images/e/e5/Teddie_Safari_ID_S4E22.png/revision/latest/scale-to-width-down/200?cb=20140609074155'); 
INSERT INTO ponies_AssocCharacterPlace (Character_id, Place_id) VALUES (169,42);
INSERT INTO ponies_AssocCharacterKind (Character_id, Kind_id) VALUES (169,48);

INSERT INTO ponies_character (id, name, description, image) VALUES (170,'Claude','Claude is a male unicorn pony and puppeteer who appears in the episodes Inspiration Manifestation and Forever Filly. He is referred to by name only in the season four episode\'s end credits, in merchandise, and in other media.','https://static.wikia.nocookie.net/mlp/images/0/0a/Claude_ID_S4E23.png/revision/latest/scale-to-width-down/200?cb=20140429004445'); 
INSERT INTO ponies_AssocCharacterKind (Character_id, Kind_id) VALUES (170,6);

INSERT INTO ponies_character (id, name, description, image) VALUES (171,'Night Glider','Night Glider is a female Pegasus pony who first appears in the season five premiere. She is a resident of a village, led by Starlight Glimmer, in which its inhabitants have all given up their cutie marks. In the episodes in which she appears, Night Glider is never referred to by name, being named only in the credits and in merchandise and other media.','https://static.wikia.nocookie.net/mlp/images/1/17/Night_Glider_ID_S5E2.png/revision/latest/scale-to-width-down/180?cb=20150410101400'); 
INSERT INTO ponies_AssocCharacterPlace (Character_id, Place_id) VALUES (171,165);
INSERT INTO ponies_AssocCharacterKind (Character_id, Kind_id) VALUES (171,5);

INSERT INTO ponies_character (id, name, description, image) VALUES (172,'Party Favor','Party Favor is a male unicorn pony who first appears in the season five premiere. He is a resident of a village, formerly led by Starlight Glimmer, in which its inhabitants had all given up their cutie marks.','https://static.wikia.nocookie.net/mlp/images/a/a8/Party_Favor_true_form_ID_S5E2.png/revision/latest/scale-to-width-down/180?cb=20150410091016'); 
INSERT INTO ponies_AssocCharacterPlace (Character_id, Place_id) VALUES (172,165);
INSERT INTO ponies_AssocCharacterKind (Character_id, Kind_id) VALUES (172,43);

INSERT INTO ponies_character (id, name, description, image) VALUES (173,'Double Diamond','Double Diamond is a male Earth pony who first appears in the season five premiere. He is one of the residents of the equality village founded by Starlight Glimmer.','https://static.wikia.nocookie.net/mlp/images/4/46/Double_Diamond_ID_S5E2.png/revision/latest/scale-to-width-down/190?cb=20150410093859'); 
INSERT INTO ponies_AssocCharacterPlace (Character_id, Place_id) VALUES (173,165);
INSERT INTO ponies_AssocCharacterKind (Character_id, Kind_id) VALUES (173,4);

INSERT INTO ponies_character (id, name, description, image) VALUES (174,'Sugar Belle','Sugar Belle is a female unicorn pony who first appears in the season five premiere. She is a baker who lives in a village founded by Starlight Glimmer, where its residents have given up their cutie marks. As of The Big Mac Question, she is Big McIntosh\'s wife.','https://static.wikia.nocookie.net/mlp/images/5/58/Sugar_Belle_ID_S7E8.png/revision/latest/scale-to-width-down/210?cb=20170529133116'); 
INSERT INTO ponies_AssocCharacterPlace (Character_id, Place_id) VALUES (174,168);
INSERT INTO ponies_AssocCharacterPlace (Character_id, Place_id) VALUES (174,116);
INSERT INTO ponies_AssocCharacterKind (Character_id, Kind_id) VALUES (174,6);

INSERT INTO ponies_character (id, name, description, image) VALUES (175,'Weather Control Pegasi','Sunshower, Open Skies, Clear Skies, and Fluffy Clouds are four Pegasus ponies who first appear in the season five episode Tanks for the Memories; Fluffy Clouds later appears in Princess Spike and Celestial Advice. Fluffy Clouds is called Fluffy Cloudsdale in some merchandise.','https://static.wikia.nocookie.net/mlp/images/1/15/Sunshower%2C_Clear_Skies%2C_and_Open_Skies_ID_S5E5.png/revision/latest/scale-to-width-down/250?cb=20160116225431'); 
INSERT INTO ponies_AssocCharacterKind (Character_id, Kind_id) VALUES (175,5);

INSERT INTO ponies_character (id, name, description, image) VALUES (176,'Trouble Shoes','Trouble Shoes is a male Earth pony who first appears as a supporting character in the season five episode Appleoosa\'s Most Wanted. He is an Appleloosa rodeo clown and former outlaw. He is called Troubleshoes Clyde in some promotional material.','https://static.wikia.nocookie.net/mlp/images/b/bd/Trouble_Shoes_ID_S5E6.png/revision/latest/scale-to-width-down/200?cb=20150502191527'); 
INSERT INTO ponies_AssocCharacterPlace (Character_id, Place_id) VALUES (176,41);
INSERT INTO ponies_AssocCharacterKind (Character_id, Kind_id) VALUES (176,4);

INSERT INTO ponies_character (id, name, description, image) VALUES (177,'Tree Hugger','Tree Hugger is a female Earth pony who first appears in the season five episode Make New Friends but Keep Discord. She is Fluttershy\'s friend and guest to the Grand Galloping Gala. Her demeanor and affectations are reminiscent of the hippie subculture of the 1960s.','https://static.wikia.nocookie.net/mlp/images/3/35/Tree_Hugger_ID_S5E7.png/revision/latest/scale-to-width-down/210?cb=20151209190014'); 
INSERT INTO ponies_AssocCharacterKind (Character_id, Kind_id) VALUES (177,4);

INSERT INTO ponies_character (id, name, description, image) VALUES (178,'Moon Dancer','Moon Dancer, or Moondancer, is a female unicorn pony who is first mentioned in Friendship is Magic, part 1, physically appears in the IDW comics, and makes her in-series debut in Amending Fences. She has a light yellowish gray coat, red mane and tail with purple highlights, purple eyes, and a cutie mark of a crescent moon and three stars. Her name is spelled "Moon Dancer" in Amending Fences\' closed captioning and with a trademark symbol in Playskool merchandise and "Moondancer" in Amending Fences and The Point of No Return\'s ending credits, in the comics, in Gameloft\'s mobile game, in Friendship is Magic, part 1\'s closed captioning, in Princess Twilight Sparkle and the Forgotten Books of Autumn, and sometimes with a trademark symbol in Enterplay\'s collectible card game.','https://static.wikia.nocookie.net/mlp/images/5/51/Moon_Dancer_ID_S5E12.png/revision/latest/scale-to-width-down/200?cb=20150706133715'); 
INSERT INTO ponies_AssocCharacterPlace (Character_id, Place_id) VALUES (178,29);
INSERT INTO ponies_AssocCharacterKind (Character_id, Kind_id) VALUES (178,6);

INSERT INTO ponies_character (id, name, description, image) VALUES (179,'Sassy Saddles','Sassy Saddles is a female unicorn pony and supporting character who first appears in the season five episode Canterlot Boutique. She is the manager of the couture boutique Canterlot Carousel. She is called Savvy Saddles or Sassy Sandals in some merchandise.','https://static.wikia.nocookie.net/mlp/images/e/ed/Sassy_Saddles_ID_S5E14.png/revision/latest/scale-to-width-down/200?cb=20150913032147'); 
INSERT INTO ponies_AssocCharacterPlace (Character_id, Place_id) VALUES (179,172);
INSERT INTO ponies_AssocCharacterPlace (Character_id, Place_id) VALUES (179,0);
INSERT INTO ponies_AssocCharacterKind (Character_id, Kind_id) VALUES (179,6);

INSERT INTO ponies_character (id, name, description, image) VALUES (180,'Spearhead','Spearhead is a male Pegasus pony and supporting character who appears in the season five episode Rarity Investigates! and the season seven episode A Flurry of Emotions. He is a Canterlot royal guard-turned-artist and an old friend of Shining Armor\'s.','https://static.wikia.nocookie.net/mlp/images/6/63/Spearhead_ID_S7E3.png/revision/latest/scale-to-width-down/180?cb=20170424032753'); 
INSERT INTO ponies_AssocCharacterKind (Character_id, Kind_id) VALUES (180,5);

INSERT INTO ponies_character (id, name, description, image) VALUES (181,'Method Mares','The Method Mares are a Manehattan theater troupe who appear in Made in Manehattan, consisting of Earth ponies On Stage, Raspberry Beret, Late Show, and Stardom. On Stage and Raspberry Beret are named in Horse Play, but "Late Show" and "Stardom" are unnamed, having placeholder names. They are credited in Made in Manehattan as "Method Mare 1", "Method Mare 2", "Method Mare 3", and "Method Mare 4" respectively.','https://static.wikia.nocookie.net/mlp/images/2/23/Method_Mares_ID_S5E16.png/revision/latest/scale-to-width-down/240?cb=20160608010038'); 
INSERT INTO ponies_AssocCharacterKind (Character_id, Kind_id) VALUES (181,4);

INSERT INTO ponies_character (id, name, description, image) VALUES (182,'Hooffield and McColt families','The Hooffield and McColt families are two families of Earth ponies featured in the season five episode The Hooffields and McColts. They live in a region of Equestria called the Smokey Mountains.','https://static.wikia.nocookie.net/mlp/images/4/44/Hooffields_storm_toward_the_McColts_S5E23.png/revision/latest/scale-to-width-down/240?cb=20151117002240'); 
INSERT INTO ponies_AssocCharacterPlace (Character_id, Place_id) VALUES (182,173);
INSERT INTO ponies_AssocCharacterKind (Character_id, Kind_id) VALUES (182,4);

INSERT INTO ponies_character (id, name, description, image) VALUES (183,'Sunburst','Sunburst is a male unicorn pony, Starlight Glimmer\'s childhood friend, and royal crystaller to Flurry Heart. As of A Horse Shoe-In, he is the vice principal of the School of Friendship. He first appears as a colt in the past in The Cutie Re-Mark - Part 2, and he appears as a full-grown stallion in present day in the season six premiere.','https://static.wikia.nocookie.net/mlp/images/9/99/Sunburst_ID_S6E2.png/revision/latest/scale-to-width-down/200?cb=20160326230833'); 
INSERT INTO ponies_AssocCharacterPlace (Character_id, Place_id) VALUES (183,61);
INSERT INTO ponies_AssocCharacterPlace (Character_id, Place_id) VALUES (183,175);
INSERT INTO ponies_AssocCharacterPlace (Character_id, Place_id) VALUES (183,117);
INSERT INTO ponies_AssocCharacterKind (Character_id, Kind_id) VALUES (183,43);

INSERT INTO ponies_character (id, name, description, image) VALUES (184,'Sunburst\'s family','Stellar Flare and Sunspot are the unicorn pony parents of Sunburst who first appear in the season five episode The Cutie Re-Mark - Part 2. Stellar Flare is named and has a supporting role in The Parent Map, but "Sunspot" is unnamed, having a placeholder name.','https://static.wikia.nocookie.net/mlp/images/e/eb/Stellar_Flare_ID_S8E8.png/revision/latest/scale-to-width-down/170?cb=20180506223820'); 
INSERT INTO ponies_AssocCharacterPlace (Character_id, Place_id) VALUES (184,177);
INSERT INTO ponies_AssocCharacterKind (Character_id, Kind_id) VALUES (184,6);

INSERT INTO ponies_character (id, name, description, image) VALUES (185,'Mr. Stripes and Plaid Stripes','Mr. Stripes and Plaid Stripes are a father and daughter pair of Earth ponies who appear in the season six episode The Saddle Row Review. Mr. Stripes is the landlord for the building where Rarity\'s Manehattan boutique Rarity For You is located, and Plaid Stripes is a young salespony that works in the boutique.','https://static.wikia.nocookie.net/mlp/images/b/ba/Mr._Stripes_ID_S6E9.png/revision/latest/scale-to-width-down/240?cb=20170819053840'); 
INSERT INTO ponies_AssocCharacterPlace (Character_id, Place_id) VALUES (185,42);
INSERT INTO ponies_AssocCharacterKind (Character_id, Kind_id) VALUES (185,4);

INSERT INTO ponies_character (id, name, description, image) VALUES (186,'Coriander Cumin and Saffron Masala','Coriander Cumin and Saffron Masala are a father and daughter team of unicorn ponies who appear in the season six episode Spice Up Your Life. They own a restaurant in Canterlot called The Tasty Treat, which serves Indian-inspired cuisine.','https://static.wikia.nocookie.net/mlp/images/3/36/Coriander_Cumin_ID_S6E12.png/revision/latest/scale-to-width-down/200?cb=20160611223713'); 
INSERT INTO ponies_AssocCharacterPlace (Character_id, Place_id) VALUES (186,29);
INSERT INTO ponies_AssocCharacterKind (Character_id, Kind_id) VALUES (186,6);

INSERT INTO ponies_character (id, name, description, image) VALUES (187,'Quibble Pants','Quibble Pants is a male Earth pony and Daring Do fan who appears in the season six episode Stranger Than Fan Fiction and the season nine episodes Common Ground and The Last Problem.','https://static.wikia.nocookie.net/mlp/images/5/59/Quibble_Pants_ID_S6E13.png/revision/latest/scale-to-width-down/250?cb=20160801030940'); 
INSERT INTO ponies_AssocCharacterKind (Character_id, Kind_id) VALUES (187,4);

INSERT INTO ponies_character (id, name, description, image) VALUES (188,'Paleo family','A family of Earth ponies consisting of patriarch Mr. Paleo, matriarch Mrs. Paleo, and filly Petunia Paleo appears in the season six episode The Fault in Our Cutie Marks. Mr. and Mrs. Paleo are unnamed in the series, credited only as "Father Pony" and "Mother Pony" respectively in The Fault in Our Cutie Marks, but they are named in other media.','https://static.wikia.nocookie.net/mlp/images/1/18/Paleo_family_ID_S6E19.png/revision/latest/scale-to-width-down/250?cb=20180430182657'); 
INSERT INTO ponies_AssocCharacterPlace (Character_id, Place_id) VALUES (188,52);
INSERT INTO ponies_AssocCharacterKind (Character_id, Kind_id) VALUES (188,4);

INSERT INTO ponies_character (id, name, description, image) VALUES (189,'Sky Stinger','Sky Stinger is a male Pegasus pony and Wonderbolts cadet who first appears in Top Bolt.','https://static.wikia.nocookie.net/mlp/images/6/60/Sky_Stinger_ID_S6E24.png/revision/latest/scale-to-width-down/200?cb=20161016220523'); 
INSERT INTO ponies_AssocCharacterPlace (Character_id, Place_id) VALUES (189,181);
INSERT INTO ponies_AssocCharacterKind (Character_id, Kind_id) VALUES (189,5);

INSERT INTO ponies_character (id, name, description, image) VALUES (190,'Vapor Trail','Vapor Trail is a female Pegasus pony and Wonderbolts cadet who first appears in Top Bolt.','https://static.wikia.nocookie.net/mlp/images/9/9e/Vapor_Trail_ID_S6E24.png/revision/latest/scale-to-width-down/200?cb=20161016220531'); 
INSERT INTO ponies_AssocCharacterPlace (Character_id, Place_id) VALUES (190,181);
INSERT INTO ponies_AssocCharacterKind (Character_id, Kind_id) VALUES (190,5);

INSERT INTO ponies_character (id, name, description, image) VALUES (191,'Angel Wings','Angel Wings is a female Pegasus pony who appears in the season six episode Top Bolt as one of the Wonderbolt Academy trainees. She has a grayish cream coat, a light brown mane with bright red streaks, blue eyes, and a cutie mark of a winged heart, and she wears a bright red bow in her mane and two red bracelets on her left foreleg.','https://static.wikia.nocookie.net/mlp/images/1/1a/Angel_Wings_ID_S6E24.png/revision/latest/scale-to-width-down/200?cb=20161020002740'); 
INSERT INTO ponies_AssocCharacterKind (Character_id, Kind_id) VALUES (191,5);

INSERT INTO ponies_character (id, name, description, image) VALUES (192,'Bow Hothoof and Windy Whistles','Bow Hothoof and Windy Whistles are the married Pegasus pony parents of Rainbow Dash. They first appear in the season seven episode Parental Glideance and are alluded to in other media.','https://static.wikia.nocookie.net/mlp/images/7/78/Bow_Hothoof_ID_S7E7.png/revision/latest/scale-to-width-down/220?cb=20170522222435'); 
INSERT INTO ponies_AssocCharacterPlace (Character_id, Place_id) VALUES (192,50);
INSERT INTO ponies_AssocCharacterKind (Character_id, Kind_id) VALUES (192,5);

INSERT INTO ponies_character (id, name, description, image) VALUES (193,'Feather Bangs','Feather Bangs is a male Earth pony who appears in the season seven episode Hard to Say Anything and the season nine episode The Last Crusade. He is a flirtatious singer with a romantic interest in Sugar Belle.','https://static.wikia.nocookie.net/mlp/images/9/97/Feather_Bangs_ID_S7E8.png/revision/latest/scale-to-width-down/190?cb=20170527194321'); 
INSERT INTO ponies_AssocCharacterPlace (Character_id, Place_id) VALUES (193,165);
INSERT INTO ponies_AssocCharacterKind (Character_id, Kind_id) VALUES (193,7);

INSERT INTO ponies_character (id, name, description, image) VALUES (194,'Couture du Future contestants','Lily Lace, Starstreak, and Inky Rose are three fashion designer ponies who appear in the season seven episode Honest Apple as contestants in Rarity\'s Carousel Boutique Couture du Future Fashion Contest.','https://static.wikia.nocookie.net/mlp/images/c/c6/Starstreak%2C_Inky_Rose%2C_and_Lily_Lace_ID_S7E9.png/revision/latest/scale-to-width-down/250?cb=20171222021448'); 
INSERT INTO ponies_AssocCharacterKind (Character_id, Kind_id) VALUES (194,46);
INSERT INTO ponies_AssocCharacterKind (Character_id, Kind_id) VALUES (194,27);
INSERT INTO ponies_AssocCharacterKind (Character_id, Kind_id) VALUES (194,9);

INSERT INTO ponies_character (id, name, description, image) VALUES (195,'Grand Pear','Grand Pear is an elderly Earth pony who first appears as a supporting character in the season seven episode The Perfect Pear. He is a member of the Pear family, Pear Butter\'s father, Bright Mac\'s father-in-law, and Applejack, Apple Bloom, and Big McIntosh\'s maternal grandfather.','https://static.wikia.nocookie.net/mlp/images/4/4d/Grand_Pear_ID_S7E13.png/revision/latest/scale-to-width-down/200?cb=20170808004857'); 
INSERT INTO ponies_AssocCharacterPlace (Character_id, Place_id) VALUES (195,185);
INSERT INTO ponies_AssocCharacterKind (Character_id, Kind_id) VALUES (195,4);

INSERT INTO ponies_character (id, name, description, image) VALUES (196,'Mudbriar','Mudbriar is a male Earth pony and Maud Pie\'s boyfriend who first appears in the season eight episode The Maud Couple.','https://static.wikia.nocookie.net/mlp/images/3/3f/Mudbriar_ID_S8E3.png/revision/latest/scale-to-width-down/170?cb=20180331203745'); 
INSERT INTO ponies_AssocCharacterKind (Character_id, Kind_id) VALUES (196,4);

INSERT INTO ponies_character (id, name, description, image) VALUES (197,'Trixie\'s family','Jack Pot, or Jackpot; \'Spectacle\', or \'Showcase\'; and an unnamed unicorn mare are unicorn ponies who appear as Trixie\'s family members in the season eight episode Grannies Gone Wild, the season nine episode Between Dark and Dawn, and the IDW comics.','https://static.wikia.nocookie.net/mlp/images/f/f7/Jack_Pot_ID_S8E5.png/revision/latest/scale-to-width-down/180?cb=20180416192914'); 
INSERT INTO ponies_AssocCharacterPlace (Character_id, Place_id) VALUES (197,125);
INSERT INTO ponies_AssocCharacterKind (Character_id, Kind_id) VALUES (197,6);

INSERT INTO ponies_character (id, name, description, image) VALUES (198,'Firelight','Firelight is a male unicorn pony and Starlight Glimmer\'s father who first appears in the season eight episode The Parent Map.','https://static.wikia.nocookie.net/mlp/images/f/f8/Firelight_ID_S8E8.png/revision/latest/scale-to-width-down/160?cb=20180506223817'); 
INSERT INTO ponies_AssocCharacterPlace (Character_id, Place_id) VALUES (198,177);
INSERT INTO ponies_AssocCharacterKind (Character_id, Kind_id) VALUES (198,6);

INSERT INTO ponies_character (id, name, description, image) VALUES (199,'Autumn Blaze','Autumn Blaze is a female Kirin who first appears as a supporting character in the season eight episode Sounds of Silence.','https://static.wikia.nocookie.net/mlp/images/c/c7/Autumn_Blaze_ID_S8E23.png/revision/latest/scale-to-width-down/190?cb=20180901033928'); 
INSERT INTO ponies_AssocCharacterPlace (Character_id, Place_id) VALUES (199,188);
INSERT INTO ponies_AssocCharacterKind (Character_id, Kind_id) VALUES (199,49);

INSERT INTO ponies_character (id, name, description, image) VALUES (200,'Aunt Holiday and Auntie Lofty','Aunt Holiday and Auntie Lofty are an Earth pony and Pegasus romantic couple and the aunts of Scootaloo. They first appear in the chapter book Ponyville Mysteries: Riddle of the Rusty Horseshoe, and they make physical appearances in My Little Pony: Ponyville Mysteries Issue #3 and the season nine episode The Last Crusade.','https://static.wikia.nocookie.net/mlp/images/1/16/Aunt_Holiday_ID_S9E12.png/revision/latest/scale-to-width-down/200?cb=20190615160829'); 
INSERT INTO ponies_AssocCharacterPlace (Character_id, Place_id) VALUES (200,189);
INSERT INTO ponies_AssocCharacterKind (Character_id, Kind_id) VALUES (200,4);

INSERT INTO ponies_character (id, name, description, image) VALUES (201,'Snap Shutter and Mane Allgood','Snap Shutter and Mane Allgood are an Earth pony/Pegasus duo of world travelers/adventurers and the married parents of Scootaloo. They are first mentioned in the chapter book Ponyville Mysteries: Riddle of the Rusty Horseshoe, and they make their physical debut in the season nine episode The Last Crusade.','https://static.wikia.nocookie.net/mlp/images/5/57/Snap_Shutter_ID_S9E12.png/revision/latest/scale-to-width-down/160?cb=20190615160400'); 
INSERT INTO ponies_AssocCharacterPlace (Character_id, Place_id) VALUES (201,190);
INSERT INTO ponies_AssocCharacterKind (Character_id, Kind_id) VALUES (201,4);

INSERT INTO ponies_character (id, name, description, image) VALUES (202,'Luster Dawn','Luster Dawn is a female unicorn who appears in the season nine episode and series finale The Last Problem. She is introduced as the top student at Princess Twilight Sparkle\'s School for Gifted Unicorns in future Canterlot, similar to Twilight\'s role as Princess Celestia\'s student many moons prior.','https://static.wikia.nocookie.net/mlp/images/8/8c/Luster_Dawn_ID_S9E26.png/revision/latest/scale-to-width-down/220?cb=20191013154632'); 
INSERT INTO ponies_AssocCharacterPlace (Character_id, Place_id) VALUES (202,150);
INSERT INTO ponies_AssocCharacterKind (Character_id, Kind_id) VALUES (202,6);

INSERT INTO ponies_character (id, name, description, image) VALUES (203,'Lily Blossom','Lily Blossom is a female Pegasus pony who appears in software. She has a purple coat, two-toned yellow mane and tail, purple eyes, and a cutie mark usually of three lilies and sometimes of one lily. She first appeared in merchandise.','data:image/gif;base64,R0lGODlhAQABAIABAAAAAP///yH5BAEAAAEALAAAAAABAAEAQAICTAEAOw%3D%3D'); 
INSERT INTO ponies_AssocCharacterKind (Character_id, Kind_id) VALUES (203,5);

INSERT INTO ponies_character (id, name, description, image) VALUES (204,'Sugar Grape','Sugar Grape is a female Pegasus pony who appears in the IDW comics. She has a white coat, two-tone purple mane and tail, dark blue eyes, and a cutie mark of a bunch of grapes. She first appeared in merchandise.','data:image/gif;base64,R0lGODlhAQABAIABAAAAAP///yH5BAEAAAEALAAAAAABAAEAQAICTAEAOw%3D%3D'); 
INSERT INTO ponies_AssocCharacterKind (Character_id, Kind_id) VALUES (204,5);

INSERT INTO ponies_character (id, name, description, image) VALUES (205,'Bumblesweet','Bumblesweet, or Honeybuzz, is a female Earth pony who appears in the IDW comics. She has an orange coat, yellow and orange (and sometimes pink) mane and tail, blue eyes, and a cutie mark of a bumblebee. She first appeared in merchandise.','https://static.wikia.nocookie.net/mlp/images/9/9c/Bumblesweet_ID.png/revision/latest/scale-to-width-down/225?cb=20160126192755'); 
INSERT INTO ponies_AssocCharacterKind (Character_id, Kind_id) VALUES (205,4);

INSERT INTO ponies_character (id, name, description, image) VALUES (206,'Sweetcream Scoops','Sweetcream Scoops is a female unicorn pony who appears in the IDW comics and is mentioned in the chapter book Pinkie Pie and the Rockin\' Ponypalooza Party! She has a light green coat, rose mane and tail with gold and gamboge streaks, blue eyes, and a cutie mark of ice cream on a cone. She first appeared in merchandise. She shares her design with unicorn Twilight Sparkle, S02E02 Unnamed Unicorn Mare #2, and Lovestruck.','https://static.wikia.nocookie.net/mlp/images/0/0d/Sweetcream_Scoops_id.jpg/revision/latest/scale-to-width-down/240?cb=20130330035138'); 
INSERT INTO ponies_AssocCharacterKind (Character_id, Kind_id) VALUES (206,6);

INSERT INTO ponies_character (id, name, description, image) VALUES (207,'Firecracker Burst','Firecracker Burst is a female unicorn pony who appears in the IDW comics\' My Little Pony: Friends Forever Issue #9. She has a grayish green coat, vivid orange mane and tail, blue eyes, and a cutie mark of a red and yellow flame. She first appears in merchandise.','data:image/gif;base64,R0lGODlhAQABAIABAAAAAP///yH5BAEAAAEALAAAAAABAAEAQAICTAEAOw%3D%3D'); 
INSERT INTO ponies_AssocCharacterKind (Character_id, Kind_id) VALUES (207,6);

INSERT INTO ponies_character (id, name, description, image) VALUES (208,'Tealove','Tealove is a female Earth pony who appears in the IDW comics. She has a lime green coat, two-tone cerulean mane and tail, pink eyes, and a cutie mark of a teacup surrounded by hearts. She first appeared in merchandise.','data:image/gif;base64,R0lGODlhAQABAIABAAAAAP///yH5BAEAAAEALAAAAAABAAEAQAICTAEAOw%3D%3D'); 
INSERT INTO ponies_AssocCharacterKind (Character_id, Kind_id) VALUES (208,4);

INSERT INTO ponies_character (id, name, description, image) VALUES (209,'Diamond Rose','Diamond Rose is a female Pegasus pony who appears in the IDW comics. She has a light gray coat, pink mane and tail, blue eyes, and a cutie mark of a brilliant-cut gemstone. She first appeared in merchandise. In some merchandise, she shares the same design as Fluttershy and "Parula" and the same mane style as "Crescendo" and Issue 22 Unnamed Mare - Lightning Bolt.','https://static.wikia.nocookie.net/mlp/images/f/fa/Diamond_Rose_id.png/revision/latest/scale-to-width-down/250?cb=20130921063206'); 
INSERT INTO ponies_AssocCharacterKind (Character_id, Kind_id) VALUES (209,5);

INSERT INTO ponies_character (id, name, description, image) VALUES (210,'September','September[1][2] is a male Earth pony who appears in the IDW comics, typically in the background of comic panels.','data:image/gif;base64,R0lGODlhAQABAIABAAAAAP///yH5BAEAAAEALAAAAAABAAEAQAICTAEAOw%3D%3D'); 
INSERT INTO ponies_AssocCharacterKind (Character_id, Kind_id) VALUES (210,4);

INSERT INTO ponies_character (id, name, description, image) VALUES (211,'Jade Singer','Jade Singer, also known as Summer Mane, is a female unicorn pony who appears in the IDW comics\' My Little Pony Micro-Series Issue #1. She is a bestselling book author, the Canterlot royal archivist, and an old friend of Princess Celestia.','https://static.wikia.nocookie.net/mlp/images/9/94/Comic_issue_M1_Jade_Singer.png/revision/latest/scale-to-width-down/170?cb=20130919212439'); 
INSERT INTO ponies_AssocCharacterKind (Character_id, Kind_id) VALUES (211,6);

INSERT INTO ponies_character (id, name, description, image) VALUES (212,'Cherry Gold and MandoPony','Cherry Gold is the placeholder name of a male background Earth pony who appears in the season four episode Equestria Games. He has a yellow coat, brown mane, green eyes, and his cutie mark is a pair of cherries on their stems. He is unnamed in the series.','data:image/gif;base64,R0lGODlhAQABAIABAAAAAP///yH5BAEAAAEALAAAAAABAAEAQAICTAEAOw%3D%3D'); 
INSERT INTO ponies_AssocCharacterKind (Character_id, Kind_id) VALUES (212,4);

INSERT INTO ponies_character (id, name, description, image) VALUES (213,'Flax Seed and Wheat Grass','Flax Seed and Wheat Grass are an Earth pony couple who first appears in My Little Pony Micro-Series Issue #3 and later make several additional appearances in the comics. They are the owners of "Flax & Wheat\'s New Age All-Natural Wellness Center".','data:image/gif;base64,R0lGODlhAQABAIABAAAAAP///yH5BAEAAAEALAAAAAABAAEAQAICTAEAOw%3D%3D'); 
INSERT INTO ponies_AssocCharacterKind (Character_id, Kind_id) VALUES (213,4);

INSERT INTO ponies_character (id, name, description, image) VALUES (214,'Sailor Moon ponies','The Sailor Moon ponies[2][3] are ten background Pegasus and unicorn ponies designed to resemble the female protagonists of the anime/manga series Sailor Moon,[1] including Celena, Aqua Mist, Burning Heart, Juno, Love Melody, Natural Satellite, Charon, Umbriel, Larissa, and Saturnalia. They are gradually introduced in the IDW comics and in the series. They are all unnamed in the series with their names being placeholder names, but Celena is named "Magical Pony" in some media.','https://static.wikia.nocookie.net/mlp/images/a/a3/Sailor_Moon_ponies_ID.png/revision/latest/scale-to-width-down/240?cb=20170311040147'); 
INSERT INTO ponies_AssocCharacterKind (Character_id, Kind_id) VALUES (214,50);

INSERT INTO ponies_character (id, name, description, image) VALUES (215,'Ponyacci','Ponyacci is a male Earth pony who appears in the IDW comics. He is a well-known clown entertainer and founder/instructor at Ponyacci\'s School of Clowning, Japes, and Buffoonery.','https://static.wikia.nocookie.net/mlp/images/4/41/Comic_issue_M5_Ponyacci.png/revision/latest/scale-to-width-down/130?cb=20130919221703'); 
INSERT INTO ponies_AssocCharacterKind (Character_id, Kind_id) VALUES (215,4);

INSERT INTO ponies_character (id, name, description, image) VALUES (216,'Inkwell','Professor Inkwell is a female unicorn pony who appears in IDW\'s My Little Pony Micro-Series Issue #8. She is a close friend of Princess Celestia and a senior teacher at the School for Gifted Unicorns.','https://static.wikia.nocookie.net/mlp/images/6/67/Comic_issue_M8_Inkwell.png/revision/latest/scale-to-width-down/190?cb=20130919234530'); 
INSERT INTO ponies_AssocCharacterKind (Character_id, Kind_id) VALUES (216,6);

INSERT INTO ponies_character (id, name, description, image) VALUES (218,'8-bit and Gaffer','8-bit[note 2] and Gaffer are two male ponies, 8-bit a Pegasus and Gaffer a unicorn, who appear in the IDW comics. They are Shining Armor\'s friends, others being Gizmo and, later, Cherry Fizzy and Spearhead.','https://static.wikia.nocookie.net/mlp/images/6/66/Comic_issue_11_8-Bit.png/revision/latest/scale-to-width-down/150?cb=20130925070223'); 
INSERT INTO ponies_AssocCharacterKind (Character_id, Kind_id) VALUES (218,5);

INSERT INTO ponies_character (id, name, description, image) VALUES (219,'Hoofbeard','Captain Hoofbeard is a male Earth pony who appears in the fifth story arc of the IDW comics\' Friendship is Magic comic series. He is a notorious pirate and captain of the Salty Sea Mare.','data:image/gif;base64,R0lGODlhAQABAIABAAAAAP///yH5BAEAAAEALAAAAAABAAEAQAICTAEAOw%3D%3D'); 
INSERT INTO ponies_AssocCharacterKind (Character_id, Kind_id) VALUES (219,4);

INSERT INTO ponies_character (id, name, description, image) VALUES (220,'Charity Sweetmint','Charity Sweetmint, usually referred to simply as either Charity or Sweetmint, is a female unicorn who appears in the chapter book Rarity and the Curious Case of Charity. She has a white coat, greenlater dyed purplemane and tail, gold eyes, and a cutie mark of three light blue, heart-shaped gems.','null'); 
INSERT INTO ponies_AssocCharacterPlace (Character_id, Place_id) VALUES (220,192);
INSERT INTO ponies_AssocCharacterKind (Character_id, Kind_id) VALUES (220,6);

INSERT INTO ponies_character (id, name, description, image) VALUES (221,'Kibitz','Kibitz is a male unicorn pony and Princess Celestia\'s royal scheduling advisor in My Little Pony Micro-Series Issue #10, wherein he performs his normal duties for Princess Luna instead of her older sister. He also appears throughout Reflections, again acting as an aide to the two royal sisters.','https://static.wikia.nocookie.net/mlp/images/5/58/Comic_issue_M10_Kibitz.png/revision/latest/scale-to-width-down/200?cb=20131219052251'); 
INSERT INTO ponies_AssocCharacterKind (Character_id, Kind_id) VALUES (221,6);

INSERT INTO ponies_character (id, name, description, image) VALUES (222,'Power Ponies (characters)','The Power Ponies are a team of comic book superheroes who defend the fictional city of Maretropolis. They are mentioned in the episodes Power Ponies, Trade Ya!, Dragon Dropped, and The Last Problem, physically appear in IDW Publishing\'s My Little Pony Annual 2014, and are detailed in Enterplay\'s trading cards. Their archenemy is the Mane-iac.','https://static.wikia.nocookie.net/mlp/images/4/44/Power_Ponies_ID_Annual_2014.png/revision/latest/scale-to-width-down/240?cb=20140910012301'); 
INSERT INTO ponies_AssocCharacterPlace (Character_id, Place_id) VALUES (222,193);
INSERT INTO ponies_AssocCharacterKind (Character_id, Kind_id) VALUES (222,46);
INSERT INTO ponies_AssocCharacterKind (Character_id, Kind_id) VALUES (222,27);

INSERT INTO ponies_character (id, name, description, image) VALUES (223,'Gallant True','Gallant True is a male unicorn pony who appears in the chapter book Daring Do and the Eternal Flower. He is an adventurer, plant researcher, and Daring Do\'s uncle.','https://static.wikia.nocookie.net/mlp/images/8/8d/Gallant_True_ID_DDAC.png/revision/latest/scale-to-width-down/130?cb=20141223224928'); 
INSERT INTO ponies_AssocCharacterKind (Character_id, Kind_id) VALUES (223,6);

INSERT INTO ponies_character (id, name, description, image) VALUES (224,'PheNOMNOMenons cart ladies','The PheNOMNOMenons cart ladies are two Earth pony sisters who appear in the IDW comics\' My Little Pony: Friends Forever Issue #12.','https://static.wikia.nocookie.net/mlp/images/4/42/Friends_Forever_issue_12_Marcie_Pan.png/revision/latest/scale-to-width-down/150?cb=20141210184520'); 
INSERT INTO ponies_AssocCharacterKind (Character_id, Kind_id) VALUES (224,4);

INSERT INTO ponies_character (id, name, description, image) VALUES (225,'Radiant Hope','Radiant Hope is a female Crystal unicorn pony and supporting character who appears in the IDW comics\' My Little Pony: FIENDship is Magic Issue #1 and My Little Pony: Friendship is Magic story arc Siege of the Crystal Empire. She is a childhood friend of King Sombra\'s.','https://static.wikia.nocookie.net/mlp/images/7/76/Comic_issue_34_Radiant_Hope.png/revision/latest/scale-to-width-down/150?cb=20160206192546'); 
INSERT INTO ponies_AssocCharacterPlace (Character_id, Place_id) VALUES (225,38);
INSERT INTO ponies_AssocCharacterKind (Character_id, Kind_id) VALUES (225,18);

INSERT INTO ponies_character (id, name, description, image) VALUES (226,'Pony Pickers','The Pony Pickers are a band consisting of "Raspberry Fluff", "Blueberry Pie", and either "Strawberry Gem" in Equestria or Derpy in the human world. They are alluded to and later appear as ponies in the IDW comics and first appear as humans in the film My Little Pony Equestria Girls: Rainbow Rocks.','https://static.wikia.nocookie.net/mlp/images/0/0b/Friends_Forever_issue_16_Pony_Pickers.png/revision/latest/scale-to-width-down/240?cb=20160311020156'); 
INSERT INTO ponies_AssocCharacterKind (Character_id, Kind_id) VALUES (226,51);

INSERT INTO ponies_character (id, name, description, image) VALUES (227,'Big Boy and Runt','Big Boy and Runt are two gremlins who first appear in My Little Pony Micro-Series Issue #2 as antagonists and later cameo in other IDW comics. They are referred to only as gremlins in their debut issue and as cloud gremlins in the publicity summary of the issue,[1] but their individual names have been mentioned by the issue\'s writer Ryan K. Lindsay.','https://static.wikia.nocookie.net/mlp/images/2/27/Big_Boy_and_Runt_ID.png/revision/latest/scale-to-width-down/240?cb=20131030021818'); 
INSERT INTO ponies_AssocCharacterKind (Character_id, Kind_id) VALUES (227,52);
INSERT INTO ponies_AssocCharacterKind (Character_id, Kind_id) VALUES (227,3);

INSERT INTO ponies_character (id, name, description, image) VALUES (228,'Larry','Larry, or "Shadowfright" as he first prefers to be called, is a secondary antagonist in the second arc of the comic series. He is the leader of the Nightmare Forces/Dark Forces, a race of dark shadowy creatures that resemble ghosts and create nightmares. He appears only in the comics. The name Larry is a diminutive version of the name Lawrence.','https://static.wikia.nocookie.net/mlp/images/7/75/IDW_Larry_and_Friends.png/revision/latest/scale-to-width-down/160?cb=20130613045023'); 
INSERT INTO ponies_AssocCharacterPlace (Character_id, Place_id) VALUES (228,196);
INSERT INTO ponies_AssocCharacterKind (Character_id, Kind_id) VALUES (228,53);

INSERT INTO ponies_character (id, name, description, image) VALUES (229,'Buck Withers','Buck Withers is a male Earth pony who appears in the IDW comics story arc Neigh Anything. He is a former student of Canterlot Academy and bully to Shining Armor.','https://static.wikia.nocookie.net/mlp/images/2/25/Comic_issue_12_Buck_Withers_grown-up.png/revision/latest/scale-to-width-down/240?cb=20160224205243'); 
INSERT INTO ponies_AssocCharacterKind (Character_id, Kind_id) VALUES (229,4);

INSERT INTO ponies_character (id, name, description, image) VALUES (230,'Sunflower','Sunflower is the Earth pony sister of Babs Seed and a member of the Apple family. She is unidentified in the show, but she and her human counterpart appear in the IDW comics.','https://static.wikia.nocookie.net/mlp/images/d/d6/Comic_issue_32_Sunflower.png/revision/latest/scale-to-width-down/220?cb=20160726194557'); 
INSERT INTO ponies_AssocCharacterPlace (Character_id, Place_id) VALUES (230,42);
INSERT INTO ponies_AssocCharacterKind (Character_id, Kind_id) VALUES (230,7);

INSERT INTO ponies_character (id, name, description, image) VALUES (231,'Blue Moon and North Star','Blue Moon and North Star are two blue ponies, the former a unicorn and the latter a Pegasus, who have been a dating couple. Blue Moon appears unnamed in three My Little Pony Friendship is Magic episodes and appears named in the Ponyville Mysteries chapter books Schoolhouse of Secrets and The Tail of the Timberwolf and in mobile and collectible card games; North Star appears named in the chapter book Daring Do and the Forbidden City of Clouds.','data:image/gif;base64,R0lGODlhAQABAIABAAAAAP///yH5BAEAAAEALAAAAAABAAEAQAICTAEAOw%3D%3D'); 
INSERT INTO ponies_AssocCharacterPlace (Character_id, Place_id) VALUES (231,199);
INSERT INTO ponies_AssocCharacterPlace (Character_id, Place_id) VALUES (231,200);
INSERT INTO ponies_AssocCharacterKind (Character_id, Kind_id) VALUES (231,6);

INSERT INTO ponies_character (id, name, description, image) VALUES (232,'King Longhorn','King Longhorn is a male bull and leader of the Cattle Rustlers gang. He appears in My Little Pony: Friends Forever Issue #8 as a minor antagonist and in the two-issue story arc The Good, the Bad and the Ponies as the main antagonist.','data:image/gif;base64,R0lGODlhAQABAIABAAAAAP///yH5BAEAAAEALAAAAAABAAEAQAICTAEAOw%3D%3D'); 
INSERT INTO ponies_AssocCharacterKind (Character_id, Kind_id) VALUES (232,54);

INSERT INTO ponies_character (id, name, description, image) VALUES (233,'Shadow Lock','Shadow Lock is a male unicorn pony and reformed antagonist who first appears in the From the Shadows story arc of IDW comics\' My Little Pony: Friendship is Magic.','data:image/gif;base64,R0lGODlhAQABAIABAAAAAP///yH5BAEAAAEALAAAAAABAAEAQAICTAEAOw%3D%3D'); 
INSERT INTO ponies_AssocCharacterPlace (Character_id, Place_id) VALUES (233,201);
INSERT INTO ponies_AssocCharacterKind (Character_id, Kind_id) VALUES (233,6);

INSERT INTO ponies_character (id, name, description, image) VALUES (234,'Inanimate objects','Certain characters in the series are not sentient creatures, and most are not even living things, and they mostly play a part as characters only in other characters\' minds. This article covers the more prominent non-sentient characters.','https://static.wikia.nocookie.net/mlp/images/6/68/Bloomberg_ID_S1E21.png/revision/latest/scale-to-width-down/180?cb=20140122042941'); 
INSERT INTO ponies_AssocCharacterPlace (Character_id, Place_id) VALUES (234,202);
INSERT INTO ponies_AssocCharacterKind (Character_id, Kind_id) VALUES (234,55);

INSERT INTO ponies_character (id, name, description, image) VALUES (235,'Mare Do Well','Mare Do Well, also called the Mysterious Mare Do Well, is a superhero alter ego created by Twilight Sparkle, Applejack, Fluttershy, Rarity, and Pinkie Pie. She first appears in the season two episode The Mysterious Mare Do Well, and she is alluded to in other media and merchandise.','https://static.wikia.nocookie.net/mlp/images/6/66/Mare_Do_Well_ID_S2E8.png/revision/latest/scale-to-width-down/240?cb=20160413205755'); 
INSERT INTO ponies_AssocCharacterKind (Character_id, Kind_id) VALUES (235,56);

INSERT INTO ponies_character (id, name, description, image) VALUES (236,'The Headless Horse','The Headless Horse is a horse-like creature and the eponymous character of the ghost story The Legend of The Headless Horse. It is alluded to in the episodes Look Before You Sleep, Sleepless in Ponyville, and Scare Master and other media.','data:image/gif;base64,R0lGODlhAQABAIABAAAAAP///yH5BAEAAAEALAAAAAABAAEAQAICTAEAOw%3D%3D'); 
INSERT INTO ponies_AssocCharacterKind (Character_id, Kind_id) VALUES (236,4);

INSERT INTO ponies_character (id, name, description, image) VALUES (237,'Founders of Equestria','Princess Platinum, Clover the Clever, Commander Hurricane, Private Pansy, Chancellor Puddinghead, and Smart Cookie are six ponies who first discovered and founded the kingdom of Equestria long before the series\' present day. Platinum, Hurricane, and Puddinghead served as the leaders of the unicorn, Pegasus, and Earth pony tribes respectively, and Clover, Pansy, and Smart Cookie were their advisors/seconds-in-command.','data:image/gif;base64,R0lGODlhAQABAIABAAAAAP///yH5BAEAAAEALAAAAAABAAEAQAICTAEAOw%3D%3D'); 
INSERT INTO ponies_AssocCharacterKind (Character_id, Kind_id) VALUES (237,46);
INSERT INTO ponies_AssocCharacterKind (Character_id, Kind_id) VALUES (237,9);
INSERT INTO ponies_AssocCharacterKind (Character_id, Kind_id) VALUES (237,27);

INSERT INTO ponies_character (id, name, description, image) VALUES (238,'Zecora','Zecora is a female zebra who resides in a hut in the Everfree Forest and first appears in Bridle Gossip. Initially believed to be an evil enchantress by the terrified populace of Ponyville, she later befriends the ponies and frequently helps them out with her knowledge of magical ailments. She speaks with a strong African-esque accent, forming rhyming couplets with all her sentences.','https://static.wikia.nocookie.net/mlp/images/e/e2/Zecora_id.png/revision/latest/scale-to-width-down/240?cb=20111117100832'); 
INSERT INTO ponies_AssocCharacterPlace (Character_id, Place_id) VALUES (238,212);
INSERT INTO ponies_AssocCharacterKind (Character_id, Kind_id) VALUES (238,57);

INSERT INTO ponies_character (id, name, description, image) VALUES (239,'Cranky Doodle Donkey','Cranky Doodle Donkey is a male donkey and Matilda\'s husband who first appears in the episode A Friend in Deed. His name is a pun on "Yankee Doodle Dandy", a famous song written by George M. Cohan in 1942.','https://static.wikia.nocookie.net/mlp/images/b/b8/Cranky_Doodle_Donkey_in_Ponyville_S2E18.png/revision/latest/scale-to-width-down/240?cb=20120219234825'); 
INSERT INTO ponies_AssocCharacterPlace (Character_id, Place_id) VALUES (239,213);
INSERT INTO ponies_AssocCharacterKind (Character_id, Kind_id) VALUES (239,58);

INSERT INTO ponies_character (id, name, description, image) VALUES (240,'Matilda','Matilda is a female donkey and Cranky Doodle Donkey\'s wife who first appears in the episode A Friend in Deed. She has a brown coat and a curly dark-brown mane.','https://static.wikia.nocookie.net/mlp/images/a/a4/Matilda_ID_S2E18.png/revision/latest/scale-to-width-down/180?cb=20140122025448'); 
INSERT INTO ponies_AssocCharacterPlace (Character_id, Place_id) VALUES (240,52);
INSERT INTO ponies_AssocCharacterKind (Character_id, Kind_id) VALUES (240,58);

INSERT INTO ponies_character (id, name, description, image) VALUES (241,'Mulia Mild','Mulia Mild is a female mule and a baker who appears in MMMystery on the Friendship Express and Equestria Games. Her name and appearance are references to real-life chef Julia Child, the same basis as S06E12 Unnamed Unicorn Mare #5. The fact that mousse is French in origin may also be a reference, as Julia Child is known for popularizing French cuisine in America.','https://static.wikia.nocookie.net/mlp/images/0/06/Mulia_Mild_S2E24_thumb.png/revision/latest/scale-to-width-down/250?cb=20120518222112'); 
INSERT INTO ponies_AssocCharacterKind (Character_id, Kind_id) VALUES (241,59);

INSERT INTO ponies_character (id, name, description, image) VALUES (242,'Seabreeze','Seabreeze is a male and particularly outspoken Breezie who appears in the episode It Ain\'t Easy Being Breezies, in a flashback to It Ain\'t Easy Being Breezies in Twilight\'s Kingdom - Part 1, and in Twilight\'s Kingdom - Part 2.','https://static.wikia.nocookie.net/mlp/images/0/0b/Seabreeze_ID_S4E16.png/revision/latest/scale-to-width-down/200?cb=20140304041658'); 
INSERT INTO ponies_AssocCharacterPlace (Character_id, Place_id) VALUES (242,215);
INSERT INTO ponies_AssocCharacterKind (Character_id, Kind_id) VALUES (242,60);

INSERT INTO ponies_character (id, name, description, image) VALUES (243,'Pharynx','Pharynx is a male changeling and the older brother of Thorax who is first mentioned in Triple Threat and physically debuts in To Change a Changeling.','https://static.wikia.nocookie.net/mlp/images/2/2b/Metamorphosed_Pharynx_ID_S7E17.png/revision/latest/scale-to-width-down/200?cb=20170904051337'); 
INSERT INTO ponies_AssocCharacterPlace (Character_id, Place_id) VALUES (243,216);
INSERT INTO ponies_AssocCharacterKind (Character_id, Kind_id) VALUES (243,16);

INSERT INTO ponies_character (id, name, description, image) VALUES (244,'Terramar','Terramar is a male Hippogriff/seapony and Silverstream\'s younger[1] brother who first appears as a supporting character in the season eight episode Surf and/or Turf.','https://static.wikia.nocookie.net/mlp/images/6/67/Terramar_Hippogriff_form_ID_S8E6.png/revision/latest/scale-to-width-down/210?cb=20180421220730'); 
INSERT INTO ponies_AssocCharacterPlace (Character_id, Place_id) VALUES (244,217);
INSERT INTO ponies_AssocCharacterKind (Character_id, Kind_id) VALUES (244,19);

INSERT INTO ponies_character (id, name, description, image) VALUES (245,'Sky Beak and Ocean Flow','Sky Beak and Ocean Flow are the respective Hippogriff and seapony parents of Silverstream and Terramar. Sky Beak first appears in School Daze - Part 2, and Ocean Flow first appears in Surf and or Turf.','https://static.wikia.nocookie.net/mlp/images/3/30/Sky_Beak_ID_S8E6.png/revision/latest/scale-to-width-down/170?cb=20180421220800'); 
INSERT INTO ponies_AssocCharacterPlace (Character_id, Place_id) VALUES (245,218);
INSERT INTO ponies_AssocCharacterKind (Character_id, Kind_id) VALUES (245,61);

INSERT INTO ponies_character (id, name, description, image) VALUES (246,'Steven Magnet','Steven Magnet is a male sea serpent who first appears in the episode Friendship is Magic, part 2. He was first named in merchandise, and later named in the season five episode Slice of Life, in which he is credited as "Stephen Magnet".','https://static.wikia.nocookie.net/mlp/images/0/03/Steven_Magnet_ID_S5E09.png/revision/latest/scale-to-width-down/250?cb=20150615203155'); 
INSERT INTO ponies_AssocCharacterPlace (Character_id, Place_id) VALUES (246,219);
INSERT INTO ponies_AssocCharacterKind (Character_id, Kind_id) VALUES (246,62);

INSERT INTO ponies_character (id, name, description, image) VALUES (247,'Little Strongheart','Little Strongheart is a young female buffalo who first appears in Over a Barrel. Her name is in the style of a traditional Native American name, and her feathered headband is also part of the Native American motif shared among the buffalo herd.','https://static.wikia.nocookie.net/mlp/images/8/8d/Little_Strongheart_ID_S1E21.png/revision/latest/scale-to-width-down/250?cb=20110826020839'); 
INSERT INTO ponies_AssocCharacterPlace (Character_id, Place_id) VALUES (247,220);
INSERT INTO ponies_AssocCharacterKind (Character_id, Kind_id) VALUES (247,63);

INSERT INTO ponies_character (id, name, description, image) VALUES (248,'Chief Thunderhooves','Chief Thunderhooves is the chief of a tribe of buffalo who first appears in the episode Over a Barrel. He leads the buffalo tribe against the settlers of Appleloosa, due to their apple orchards blocking his tribe\'s traditional stampeding grounds.','https://static.wikia.nocookie.net/mlp/images/b/b1/Chief_Thunderhooves_ID_S1E21.png/revision/latest/scale-to-width-down/250?cb=20121225015011'); 
INSERT INTO ponies_AssocCharacterPlace (Character_id, Place_id) VALUES (248,220);
INSERT INTO ponies_AssocCharacterKind (Character_id, Kind_id) VALUES (248,63);

INSERT INTO ponies_character (id, name, description, image) VALUES (249,'Iron Will','Iron Will is a male minotaur and supporting character who first appears in the season two episode Putting Your Hoof Down. He travels around Equestria, holding assertiveness seminars. He has a habit of referring to himself in the third person and using various, often rhyming, catchphrases, such as, "When somepony tries to block, show them that you rock!"','https://static.wikia.nocookie.net/mlp/images/c/cd/Iron_Will_ID.png/revision/latest/scale-to-width-down/250?cb=20140816233533'); 
INSERT INTO ponies_AssocCharacterKind (Character_id, Kind_id) VALUES (249,64);

INSERT INTO ponies_character (id, name, description, image) VALUES (250,'Gustave le Grand','Gustave le Grand[note 1] is a male griffon baker who appears in the episodes MMMystery on the Friendship Express, Equestria Games, and Princess Spike. He is the second griffon to appear in the series, after Gilda.','https://static.wikia.nocookie.net/mlp/images/e/e9/Gustave_ID_S5E10.png/revision/latest/scale-to-width-down/250?cb=20160110204654'); 
INSERT INTO ponies_AssocCharacterKind (Character_id, Kind_id) VALUES (250,10);

INSERT INTO ponies_character (id, name, description, image) VALUES (251,'Scorpan','Scorpan is a male gargoyle prince and Lord Tirek\'s younger brother who appears in the IDW comics and is alluded to in the season four finale, My Little Pony Best Gift Ever, and A Trivial Pursuit.','https://static.wikia.nocookie.net/mlp/images/8/89/Scorpan_ID.png/revision/latest/scale-to-width-down/240?cb=20140514045708'); 
INSERT INTO ponies_AssocCharacterPlace (Character_id, Place_id) VALUES (251,222);
INSERT INTO ponies_AssocCharacterKind (Character_id, Kind_id) VALUES (251,65);

INSERT INTO ponies_character (id, name, description, image) VALUES (252,'The Smooze','The Smooze is a slime creature who first appears in the season five episode Make New Friends but Keep Discord. He is Discord\'s friend and guest to the Grand Galloping Gala. Though Discord mentions that the Smooze is genderless, he is often addressed with male pronouns.','https://static.wikia.nocookie.net/mlp/images/a/ab/Smooze_ID_S5E7.png/revision/latest/scale-to-width-down/200?cb=20150525190913'); 

INSERT INTO ponies_character (id, name, description, image) VALUES (253,'Grampa Gruff','Grampa Gruff, or Grandpa Gruff, is a male griffon and supporting character who first appears in the season five episode The Lost Treasure of Griffonstone. It is stated in The Hearth\'s Warming Club that he is "Grampa" in name only and does not have any familial grandchildren, contradictory to The Elements of Harmony Vol. II guidebook\'s identification of Gilda as his granddaughter; Jim Miller has stated that Gilda, Gavin, Gruff, and Gabby are unrelated[2] and that Gruff is Gallus\' guardian but not grandfather.[3]','https://static.wikia.nocookie.net/mlp/images/c/c9/Grampa_Gruff_ID_S5E8.png/revision/latest/scale-to-width-down/230?cb=20160121053838'); 
INSERT INTO ponies_AssocCharacterPlace (Character_id, Place_id) VALUES (253,21);
INSERT INTO ponies_AssocCharacterKind (Character_id, Kind_id) VALUES (253,10);

INSERT INTO ponies_character (id, name, description, image) VALUES (254,'Greta','Greta is a female griffon and supporting character who first appears in The Lost Treasure of Griffonstone. She is Gilda\'s first griffon friend.','https://static.wikia.nocookie.net/mlp/images/6/62/Greta_ID_S5E8.png/revision/latest/scale-to-width-down/180?cb=20150525214657'); 
INSERT INTO ponies_AssocCharacterPlace (Character_id, Place_id) VALUES (254,21);
INSERT INTO ponies_AssocCharacterKind (Character_id, Kind_id) VALUES (254,10);

INSERT INTO ponies_character (id, name, description, image) VALUES (255,'Capper','Capper is a male anthropomorphic cat who appears as a supporting character in My Little Pony The Movie. He also appears in the IDW comics and the season nine episodes Between Dark and Dawn and The Last Problem. He is a Klugetown con artist and former aristocrat from Abyssinia. He is called Capper Dapperpaws in some merchandise.','https://static.wikia.nocookie.net/mlp/images/e/e6/Capper_ID_MLPTM.png/revision/latest/scale-to-width-down/220?cb=20171014193123'); 
INSERT INTO ponies_AssocCharacterPlace (Character_id, Place_id) VALUES (255,225);
INSERT INTO ponies_AssocCharacterKind (Character_id, Kind_id) VALUES (255,66);

INSERT INTO ponies_character (id, name, description, image) VALUES (256,'Captain Celaeno','Captain Celaeno is a female anthropomorphic parrot who appears as a supporting character in My Little Pony The Movie and a central character in the chapter book Beyond Equestria: Rainbow Dash Rights the Ship. She is the captain of a crew of pirates that sails the Sea of Clouds beyond Equestria.','https://static.wikia.nocookie.net/mlp/images/7/78/Captain_Celaeno_ID_MLPTM.png/revision/latest/scale-to-width-down/250?cb=20171014233919'); 
INSERT INTO ponies_AssocCharacterPlace (Character_id, Place_id) VALUES (256,226);
INSERT INTO ponies_AssocCharacterKind (Character_id, Kind_id) VALUES (256,67);

INSERT INTO ponies_character (id, name, description, image) VALUES (257,'Fluttershy (EG)','Fluttershy\'s human counterpart appears in the My Little Pony Equestria Girls franchise. She is a student at Canterlot High School, an animal rescue center volunteer, and tambourine player for the Rainbooms.','https://static.wikia.nocookie.net/mlp/images/9/9a/Fluttershy_ID_CYOE3.png/revision/latest/scale-to-width-down/220?cb=20180215211824'); 
INSERT INTO ponies_AssocCharacterPlace (Character_id, Place_id) VALUES (257,118);
INSERT INTO ponies_AssocCharacterKind (Character_id, Kind_id) VALUES (257,68);

INSERT INTO ponies_character (id, name, description, image) VALUES (258,'Pinkie Pie (EG)','Pinkie Pie\'s human counterpart appears in the My Little Pony Equestria Girls franchise. She is a student at Canterlot High School and drummer for the Rainbooms.','https://static.wikia.nocookie.net/mlp/images/6/6a/Pinkie_Pie_ID_EGDS.png/revision/latest/scale-to-width-down/210?cb=20180316034500'); 
INSERT INTO ponies_AssocCharacterPlace (Character_id, Place_id) VALUES (258,118);
INSERT INTO ponies_AssocCharacterKind (Character_id, Kind_id) VALUES (258,69);

INSERT INTO ponies_character (id, name, description, image) VALUES (259,'Applejack (EG)','Applejack\'s human counterpart appears in the My Little Pony Equestria Girls franchise. She is a student at Canterlot High School and bass guitarist for the Rainbooms.','https://static.wikia.nocookie.net/mlp/images/5/5d/Applejack_ID_EGDS4.png/revision/latest/scale-to-width-down/150?cb=20171106005320'); 
INSERT INTO ponies_AssocCharacterPlace (Character_id, Place_id) VALUES (259,118);
INSERT INTO ponies_AssocCharacterKind (Character_id, Kind_id) VALUES (259,69);

INSERT INTO ponies_character (id, name, description, image) VALUES (260,'Rarity (EG)','Rarity\'s human counterpart appears in the My Little Pony Equestria Girls franchise. She is a student at Canterlot High School and keytarist for the Rainbooms.','https://static.wikia.nocookie.net/mlp/images/7/7a/Rarity_ID_EGDS2.png/revision/latest/scale-to-width-down/150?cb=20171106005403'); 
INSERT INTO ponies_AssocCharacterPlace (Character_id, Place_id) VALUES (260,118);
INSERT INTO ponies_AssocCharacterKind (Character_id, Kind_id) VALUES (260,70);

INSERT INTO ponies_character (id, name, description, image) VALUES (261,'Rainbow Dash (EG)','Rainbow Dash\'s human counterpart appears in the My Little Pony Equestria Girls franchise. She is a student at Canterlot High School and electric guitarist/lead vocalist for the Rainbooms.','https://static.wikia.nocookie.net/mlp/images/1/1e/Rainbow_Dash_ID_EGDS2.png/revision/latest/scale-to-width-down/160?cb=20171106005353'); 
INSERT INTO ponies_AssocCharacterPlace (Character_id, Place_id) VALUES (261,118);
INSERT INTO ponies_AssocCharacterKind (Character_id, Kind_id) VALUES (261,68);

INSERT INTO ponies_character (id, name, description, image) VALUES (262,'Twilight Sparkle (Sci-Twi)','Twilight Sparkle\'s human counterpart appears and is mentioned throughout the My Little Pony Equestria Girls franchise. She is a student at Canterlot High School, a former student of Crystal Prep Academy, and the owner of Spike the Dog. She is named Sci-Twi in some merchandise and other depictions. Her alter ego, Midnight Sparkle, appears as an antagonist in My Little Pony Equestria Girls: Friendship Games. From Legend of Everfree onwards, she is one of the main protagonists in the Equestria Girls franchise.','https://static.wikia.nocookie.net/mlp/images/d/d2/Twilight_Sparkle_ID_EGDS5.png/revision/latest/scale-to-width-down/170?cb=20171106005251'); 
INSERT INTO ponies_AssocCharacterPlace (Character_id, Place_id) VALUES (262,118);
INSERT INTO ponies_AssocCharacterKind (Character_id, Kind_id) VALUES (262,70);

INSERT INTO ponies_character (id, name, description, image) VALUES (263,'Sunny Flare','Sunny Flare is a female human and one of the Crystal Prep Academy Shadowbolts in My Little Pony Equestria Girls: Friendship Games.','data:image/gif;base64,R0lGODlhAQABAIABAAAAAP///yH5BAEAAAEALAAAAAABAAEAQAICTAEAOw%3D%3D'); 
INSERT INTO ponies_AssocCharacterPlace (Character_id, Place_id) VALUES (263,118);
INSERT INTO ponies_AssocCharacterKind (Character_id, Kind_id) VALUES (263,38);

INSERT INTO ponies_character (id, name, description, image) VALUES (264,'Sour Sweet','Sour Sweet is a female human and one of the Crystal Prep Academy Shadowbolts in My Little Pony Equestria Girls: Friendship Games.','data:image/gif;base64,R0lGODlhAQABAIABAAAAAP///yH5BAEAAAEALAAAAAABAAEAQAICTAEAOw%3D%3D'); 
INSERT INTO ponies_AssocCharacterPlace (Character_id, Place_id) VALUES (264,118);
INSERT INTO ponies_AssocCharacterKind (Character_id, Kind_id) VALUES (264,38);

INSERT INTO ponies_character (id, name, description, image) VALUES (265,'Indigo Zap','Indigo Zap is a female human and one of the Crystal Prep Academy Shadowbolts in My Little Pony Equestria Girls: Friendship Games.','data:image/gif;base64,R0lGODlhAQABAIABAAAAAP///yH5BAEAAAEALAAAAAABAAEAQAICTAEAOw%3D%3D'); 
INSERT INTO ponies_AssocCharacterPlace (Character_id, Place_id) VALUES (265,118);
INSERT INTO ponies_AssocCharacterKind (Character_id, Kind_id) VALUES (265,38);

INSERT INTO ponies_character (id, name, description, image) VALUES (266,'Sugarcoat','Sugarcoat is a female human and one of the Crystal Prep Academy Shadowbolts in My Little Pony Equestria Girls: Friendship Games.','data:image/gif;base64,R0lGODlhAQABAIABAAAAAP///yH5BAEAAAEALAAAAAABAAEAQAICTAEAOw%3D%3D'); 
INSERT INTO ponies_AssocCharacterPlace (Character_id, Place_id) VALUES (266,118);
INSERT INTO ponies_AssocCharacterKind (Character_id, Kind_id) VALUES (266,38);

INSERT INTO ponies_character (id, name, description, image) VALUES (267,'Lemon Zest','Lemon Zest is a female human and one of the Crystal Prep Academy Shadowbolts in My Little Pony Equestria Girls: Friendship Games. In the film\'s closing credits, she is miscredited as Lemon Tart.','data:image/gif;base64,R0lGODlhAQABAIABAAAAAP///yH5BAEAAAEALAAAAAABAAEAQAICTAEAOw%3D%3D'); 
INSERT INTO ponies_AssocCharacterPlace (Character_id, Place_id) VALUES (267,118);
INSERT INTO ponies_AssocCharacterKind (Character_id, Kind_id) VALUES (267,38);

INSERT INTO ponies_character (id, name, description, image) VALUES (268,'DJ Pon-3 (EG)','DJ Pon-3\'s human counterpart appears in the My Little Pony Equestria Girls franchise. She is a student at Canterlot High School.','https://static.wikia.nocookie.net/mlp/images/7/79/DJ_Pon-3_ID_EQG2.png/revision/latest/scale-to-width-down/120?cb=20150722032715'); 
INSERT INTO ponies_AssocCharacterPlace (Character_id, Place_id) VALUES (268,118);
INSERT INTO ponies_AssocCharacterKind (Character_id, Kind_id) VALUES (268,38);

INSERT INTO ponies_character (id, name, description, image) VALUES (269,'Cutie Mark Crusaders (EG)','The Cutie Mark Crusaders\' human counterparts appear in the My Little Pony Equestria Girls franchise. They are a trio of Canterlot High School freshmen consisting of Apple Bloom, Scootaloo, and Sweetie Belle.','https://static.wikia.nocookie.net/mlp/images/8/8a/Cutie_Mark_Crusaders_ID_EG3.png/revision/latest/scale-to-width-down/250?cb=20160308020633'); 
INSERT INTO ponies_AssocCharacterPlace (Character_id, Place_id) VALUES (269,118);
INSERT INTO ponies_AssocCharacterKind (Character_id, Kind_id) VALUES (269,38);

INSERT INTO ponies_character (id, name, description, image) VALUES (270,'Flash Sentry (EG)','Flash Sentry\'s human counterpart appears in the My Little Pony Equestria Girls franchise. He is a student at Canterlot High School, electric guitarist for the band "Flash Drive", and Sunset Shimmer\'s ex-boyfriend.','https://static.wikia.nocookie.net/mlp/images/2/22/Flash_Sentry_ID_EGDS.png/revision/latest/scale-to-width-down/240?cb=20180222014052'); 
INSERT INTO ponies_AssocCharacterKind (Character_id, Kind_id) VALUES (270,68);

INSERT INTO ponies_character (id, name, description, image) VALUES (271,'Principal Celestia','Principal Celestia is a female human and Princess Celestia\'s human world counterpart in the My Little Pony Equestria Girls franchise. She is the principal of Canterlot High School and older sister of Vice Principal Luna.','https://static.wikia.nocookie.net/mlp/images/8/86/Principal_Celestia_human_ID_EG2.png/revision/latest/scale-to-width-down/100?cb=20141222002825'); 
INSERT INTO ponies_AssocCharacterPlace (Character_id, Place_id) VALUES (271,118);
INSERT INTO ponies_AssocCharacterKind (Character_id, Kind_id) VALUES (271,38);

INSERT INTO ponies_character (id, name, description, image) VALUES (272,'Vice Principal Luna','Vice Principal Luna is a female human and Princess Luna\'s human world counterpart in the My Little Pony Equestria Girls franchise. She is the vice principal of Canterlot High School and younger sister of Principal Celestia.','https://static.wikia.nocookie.net/mlp/images/c/c1/Vice_Principal_Luna_human_ID_EG2.png/revision/latest/scale-to-width-down/100?cb=20141222002813'); 
INSERT INTO ponies_AssocCharacterPlace (Character_id, Place_id) VALUES (272,118);
INSERT INTO ponies_AssocCharacterKind (Character_id, Kind_id) VALUES (272,38);

INSERT INTO ponies_character (id, name, description, image) VALUES (273,'Diamond Tiara and Silver Spoon (EG)','Diamond Tiara and Silver Spoon\'s human counterparts appear in the My Little Pony Equestria Girls franchise. They are students at Canterlot High School.','https://static.wikia.nocookie.net/mlp/images/1/1f/Diamond_Tiara_and_Silver_Spoon_ID_EG3.png/revision/latest/scale-to-width-down/250?cb=20180110221506'); 
INSERT INTO ponies_AssocCharacterPlace (Character_id, Place_id) VALUES (273,118);
INSERT INTO ponies_AssocCharacterKind (Character_id, Kind_id) VALUES (273,38);

INSERT INTO ponies_character (id, name, description, image) VALUES (274,'Big McIntosh (EG)','Big McIntosh\'s human counterpart appears in the My Little Pony Equestria Girls franchise. He is a graduate student[1] of Canterlot High School and a member of the Wondertones.','https://static.wikia.nocookie.net/mlp/images/1/17/Big_McIntosh_ID_EG.png/revision/latest/scale-to-width-down/120?cb=20130727071226'); 
INSERT INTO ponies_AssocCharacterPlace (Character_id, Place_id) VALUES (274,118);
INSERT INTO ponies_AssocCharacterKind (Character_id, Kind_id) VALUES (274,38);

INSERT INTO ponies_character (id, name, description, image) VALUES (275,'Photo Finish (EG)','Photo Finish\'s human counterpart appears in the My Little Pony Equestria Girls franchise. She is a student at Canterlot High School and lead singer for the band "Photo Finish and the Snapshots".','https://static.wikia.nocookie.net/mlp/images/3/34/Photo_Finish_ID_EG3.png/revision/latest/scale-to-width-down/200?cb=20160307174944'); 
INSERT INTO ponies_AssocCharacterPlace (Character_id, Place_id) VALUES (275,118);
INSERT INTO ponies_AssocCharacterKind (Character_id, Kind_id) VALUES (275,38);

INSERT INTO ponies_character (id, name, description, image) VALUES (276,'Trixie (EG)','Trixie Lulamoon is a female human and Trixie\'s human world counterpart in the My Little Pony Equestria Girls franchise. She is a student of Canterlot High School, the lead singer and guitarist for the band Trixie and the Illusions, a secondary antagonist in My Little Pony Equestria Girls: Rainbow Rocks, and a central character in My Little Pony Equestria Girls: Forgotten Friendship.','https://static.wikia.nocookie.net/mlp/images/3/37/Trixie_ID_CYOE17c.png/revision/latest/scale-to-width-down/140?cb=20200702205756'); 
INSERT INTO ponies_AssocCharacterPlace (Character_id, Place_id) VALUES (276,118);
INSERT INTO ponies_AssocCharacterKind (Character_id, Kind_id) VALUES (276,38);

INSERT INTO ponies_character (id, name, description, image) VALUES (277,'Trixie and the Illusions','Trixie and the Illusions are a student band that appears in the film My Little Pony Equestria Girls: Rainbow Rocks. The group consists of lead vocalist/electric guitarist Trixie Lulamoon and backup vocalists/sampler players "Lavender Lace" and Fuschia Blush.','data:image/gif;base64,R0lGODlhAQABAIABAAAAAP///yH5BAEAAAEALAAAAAABAAEAQAICTAEAOw%3D%3D'); 

INSERT INTO ponies_character (id, name, description, image) VALUES (278,'Cheerilee (EG)','Miss Cheerilee\'s human counterpart appears in the My Little Pony Equestria Girls franchise. She is a teacher and librarian at Canterlot High School.','https://static.wikia.nocookie.net/mlp/images/f/f3/Cheerilee_ID_EG.png/revision/latest/scale-to-width-down/150?cb=20150727231646'); 
INSERT INTO ponies_AssocCharacterPlace (Character_id, Place_id) VALUES (278,118);
INSERT INTO ponies_AssocCharacterKind (Character_id, Kind_id) VALUES (278,38);

INSERT INTO ponies_character (id, name, description, image) VALUES (279,'Granny Smith (EG)','Granny Smith\'s human counterpart appears in the My Little Pony Equestria Girls franchise. She is Applejack, Apple Bloom, and Big McIntosh\'s grandmother and a teacher/lunch lady at Canterlot High School.','https://static.wikia.nocookie.net/mlp/images/7/77/Granny_Smith_ID_CYOE5b.png/revision/latest/scale-to-width-down/220?cb=20200115201725'); 
INSERT INTO ponies_AssocCharacterPlace (Character_id, Place_id) VALUES (279,118);
INSERT INTO ponies_AssocCharacterKind (Character_id, Kind_id) VALUES (279,38);

INSERT INTO ponies_character (id, name, description, image) VALUES (280,'Snips and Snails (EG)','Snips and Snails\' human counterparts appear in the My Little Pony Equestria Girls franchise. They are students at Canterlot High School and minor antagonists alongside Sunset Shimmer in the first film.','https://static.wikia.nocookie.net/mlp/images/d/db/Snips_and_Snails_ID_EG.png/revision/latest/scale-to-width-down/180?cb=20160313224123'); 
INSERT INTO ponies_AssocCharacterPlace (Character_id, Place_id) VALUES (280,118);
INSERT INTO ponies_AssocCharacterKind (Character_id, Kind_id) VALUES (280,38);

INSERT INTO ponies_character (id, name, description, image) VALUES (281,'Cranky Doodle Donkey (EG)','Cranky Doodle Donkey\'s human counterpart appears in the My Little Pony Equestria Girls franchise. He is a teacher at Canterlot High School.','https://static.wikia.nocookie.net/mlp/images/c/c5/Cranky_Doodle_ID_EGDS10.png/revision/latest/scale-to-width-down/220?cb=20180115123333'); 
INSERT INTO ponies_AssocCharacterPlace (Character_id, Place_id) VALUES (281,118);
INSERT INTO ponies_AssocCharacterKind (Character_id, Kind_id) VALUES (281,38);

INSERT INTO ponies_character (id, name, description, image) VALUES (282,'Octavia Melody (EG)','Octavia Melody\'s human counterpart appear in the My Little Pony Equestria Girls franchise. She is a student at Canterlot High School.','https://static.wikia.nocookie.net/mlp/images/1/1d/Octavia_Melody_ID_EG2.png/revision/latest/scale-to-width-down/150?cb=20141019023713'); 
INSERT INTO ponies_AssocCharacterPlace (Character_id, Place_id) VALUES (282,118);
INSERT INTO ponies_AssocCharacterKind (Character_id, Kind_id) VALUES (282,38);

INSERT INTO ponies_character (id, name, description, image) VALUES (283,'Lyra Heartstrings and Sweetie Drops (EG)','Lyra Heartstrings and Sweetie Drops\' human counterparts appear in the My Little Pony Equestria Girls franchise. They are students at Canterlot High School.','https://static.wikia.nocookie.net/mlp/images/2/2e/Lyra_Heartstrings_and_Sweetie_Drops_ID_EGDS4.png/revision/latest/scale-to-width-down/240?cb=20180110211830'); 
INSERT INTO ponies_AssocCharacterPlace (Character_id, Place_id) VALUES (283,118);
INSERT INTO ponies_AssocCharacterKind (Character_id, Kind_id) VALUES (283,38);

INSERT INTO ponies_character (id, name, description, image) VALUES (284,'Bulk Biceps (EG)','Bulk Biceps\' human counterpart appears in the My Little Pony Equestria Girls franchise. He is a student at Canterlot High School.','https://static.wikia.nocookie.net/mlp/images/5/57/Bulk_Biceps_ID_EG2.png/revision/latest/scale-to-width-down/240?cb=20141030160619'); 
INSERT INTO ponies_AssocCharacterPlace (Character_id, Place_id) VALUES (284,118);
INSERT INTO ponies_AssocCharacterKind (Character_id, Kind_id) VALUES (284,38);

INSERT INTO ponies_character (id, name, description, image) VALUES (285,'Maud Pie (EG)','Maud Pie\'s human counterpart appears in the My Little Pony Equestria Girls franchise. She is a student at Canterlot High School and Pinkie Pie\'s older sister.','https://static.wikia.nocookie.net/mlp/images/b/b5/Maud_Pie_ID_EGDS1.png/revision/latest/scale-to-width-down/150?cb=20180419190742'); 
INSERT INTO ponies_AssocCharacterPlace (Character_id, Place_id) VALUES (285,253);
INSERT INTO ponies_AssocCharacterKind (Character_id, Kind_id) VALUES (285,38);

INSERT INTO ponies_character (id, name, description, image) VALUES (286,'Zephyr Breeze (EG)','Zephyr Breeze\'s human counterpart appears in the My Little Pony Equestria Girls franchise. He is a student at Canterlot High School.','https://static.wikia.nocookie.net/mlp/images/4/40/Zephyr_Breeze_ID_EGDS5.png/revision/latest/scale-to-width-down/160?cb=20171126010311'); 
INSERT INTO ponies_AssocCharacterPlace (Character_id, Place_id) VALUES (286,118);
INSERT INTO ponies_AssocCharacterKind (Character_id, Kind_id) VALUES (286,38);

INSERT INTO ponies_character (id, name, description, image) VALUES (287,'Violet Blurr and Pixel Pizzaz','Violet Blurr and Pixel Pizzaz, collectively known as the Snapshots, are two female characters associated with Photo Finish who first appear in My Little Pony Equestria Girls: Rainbow Rocks. They are unnamed in Equestria Girls animated media, but they are named in merchandise.','https://static.wikia.nocookie.net/mlp/images/4/4d/Violet_Blurr_ID_EG2.png/revision/latest/scale-to-width-down/150?cb=20150508154339'); 
INSERT INTO ponies_AssocCharacterKind (Character_id, Kind_id) VALUES (287,38);

INSERT INTO ponies_character (id, name, description, image) VALUES (288,'Sandalwood','Sandalwood is a male human and Canterlot High School student in the My Little Pony Equestria Girls franchise. He is first named in the credits of the television broadcasts of the Rainbow Rocks and Friendship Games animated shorts, and first referred to by name in My Little Pony Equestria Girls: Sunset\'s Backstage Pass.','https://static.wikia.nocookie.net/mlp/images/4/41/Sandalwood_ID_EG.png/revision/latest/scale-to-width-down/200?cb=20130727072239'); 
INSERT INTO ponies_AssocCharacterPlace (Character_id, Place_id) VALUES (288,118);
INSERT INTO ponies_AssocCharacterKind (Character_id, Kind_id) VALUES (288,38);

INSERT INTO ponies_character (id, name, description, image) VALUES (289,'Micro Chips','Micro Chips is a male human and Canterlot High School student in the My Little Pony Equestria Girls franchise. He is named in the credits of the television broadcasts of the Rainbow Rocks and Friendship Games animated shorts, and he is first addressed by name in My Little Pony Equestria Girls: Rollercoaster of Friendship.','https://static.wikia.nocookie.net/mlp/images/b/bc/Micro_Chips_ID_EG.png/revision/latest/scale-to-width-down/200?cb=20130727075055'); 
INSERT INTO ponies_AssocCharacterPlace (Character_id, Place_id) VALUES (289,118);
INSERT INTO ponies_AssocCharacterKind (Character_id, Kind_id) VALUES (289,38);

INSERT INTO ponies_character (id, name, description, image) VALUES (290,'Derpy (EG)','Derpy\'s human counterpart appears in the My Little Pony Equestria Girls franchise. She is a student at Canterlot High School and a member of a band.','https://static.wikia.nocookie.net/mlp/images/5/5a/Derpy_ID_EG2.png/revision/latest/scale-to-width-down/180?cb=20141231205307'); 
INSERT INTO ponies_AssocCharacterPlace (Character_id, Place_id) VALUES (290,118);
INSERT INTO ponies_AssocCharacterKind (Character_id, Kind_id) VALUES (290,38);

INSERT INTO ponies_character (id, name, description, image) VALUES (291,'Gloriosa Daisy','Gloriosa Daisy is a female human who appears as a supporting character and, briefly, the main antagonist in My Little Pony Equestria Girls: Legend of Everfree. She is the director of Camp Everfree and the older sister of Timber Spruce.','https://static.wikia.nocookie.net/mlp/images/a/ab/Gloriosa_Daisy_full_ID_EG4.png/revision/latest/scale-to-width-down/150?cb=20161003183218'); 
INSERT INTO ponies_AssocCharacterPlace (Character_id, Place_id) VALUES (291,118);
INSERT INTO ponies_AssocCharacterKind (Character_id, Kind_id) VALUES (291,37);

INSERT INTO ponies_character (id, name, description, image) VALUES (292,'Timber Spruce','Timber Spruce is a male human who appears as a supporting character in the Equestria Girls franchise. He is a co-director and counselor of Camp Everfree, Gloriosa Daisy\'s younger brother, and human Twilight Sparkle\'s love interest.','https://static.wikia.nocookie.net/mlp/images/4/49/Timber_Spruce_full_ID_EG4.png/revision/latest/scale-to-width-down/170?cb=20161003213209'); 
INSERT INTO ponies_AssocCharacterPlace (Character_id, Place_id) VALUES (292,118);
INSERT INTO ponies_AssocCharacterKind (Character_id, Kind_id) VALUES (292,38);

INSERT INTO ponies_character (id, name, description, image) VALUES (293,'Canter Zoom','Canter Zoom is a male human who appears in the Equestria Girls film Legend of Everfree and the half-hour specials Movie Magic and Mirror Magic. He is a filmmaking director and Juniper Montage\'s uncle.','https://static.wikia.nocookie.net/mlp/images/5/5a/Canter_Zoom_full_ID_EGS2.png/revision/latest/scale-to-width-down/200?cb=20170626183509'); 
INSERT INTO ponies_AssocCharacterPlace (Character_id, Place_id) VALUES (293,118);
INSERT INTO ponies_AssocCharacterKind (Character_id, Kind_id) VALUES (293,38);

INSERT INTO ponies_character (id, name, description, image) VALUES (294,'Chestnut Magnifico','Chestnut Magnifico is a female human who appears as a supporting character in the Equestria Girls half-hour special Movie Magic. She is a renowned film actress and founder of an organization that helps homeless animals.','https://static.wikia.nocookie.net/mlp/images/c/c1/Chestnut_Magnifico_ID_EGS2.png/revision/latest/scale-to-width-down/140?cb=20170614003843'); 
INSERT INTO ponies_AssocCharacterPlace (Character_id, Place_id) VALUES (294,118);
INSERT INTO ponies_AssocCharacterKind (Character_id, Kind_id) VALUES (294,38);

INSERT INTO ponies_character (id, name, description, image) VALUES (295,'Constance','Constance is a background bird and one of Fluttershy\'s animal companions. She first appears in Friendship is Magic, part 1, and she is named in the season six episode Flutter Brutter.','https://static.wikia.nocookie.net/mlp/images/2/2f/Constance_ID_S6E11.png/revision/latest/scale-to-width-down/220?cb=20160711214023'); 
INSERT INTO ponies_AssocCharacterPlace (Character_id, Place_id) VALUES (295,262);
INSERT INTO ponies_AssocCharacterKind (Character_id, Kind_id) VALUES (295,71);

INSERT INTO ponies_character (id, name, description, image) VALUES (296,'Angel','Angel, or Angel Bunny, is a male rabbit and Fluttershy\'s pet. Angel is somewhat spoiled and bossy towards Fluttershy on occasion; however, he does care about her and actually displays an intention to help her stand up for herself. Most of Angel\'s actions are played simultaneously with instrumental jingles.','https://static.wikia.nocookie.net/mlp/images/3/3f/Angel_ID_S3E10.png/revision/latest/scale-to-width-down/220?cb=20160727001840'); 
INSERT INTO ponies_AssocCharacterPlace (Character_id, Place_id) VALUES (296,263);
INSERT INTO ponies_AssocCharacterKind (Character_id, Kind_id) VALUES (296,72);

INSERT INTO ponies_character (id, name, description, image) VALUES (297,'Winona','Winona is Applejack\'s pet and work dog. She first appears in Applebuck Season helping Applejack round up a stampeding herd of cattle. Unlike the Diamond Dogs, Winona only barks and does not speak in any of her appearances. She has a red collar with a golden name tag. She is called Jackaroo in some other media.','https://static.wikia.nocookie.net/mlp/images/5/5e/Winona_id_S3E11.png/revision/latest/scale-to-width-down/200?cb=20160312214115'); 
INSERT INTO ponies_AssocCharacterKind (Character_id, Kind_id) VALUES (297,73);

INSERT INTO ponies_character (id, name, description, image) VALUES (298,'Opalescence','Opalescence, or Opal for short, is Rarity\'s pet cat. She is introduced in the episode Suited For Success.','https://static.wikia.nocookie.net/mlp/images/e/e1/Opalescence_id_S1E14.png/revision/latest/scale-to-width-down/240?cb=20120809005540'); 
INSERT INTO ponies_AssocCharacterKind (Character_id, Kind_id) VALUES (298,74);

INSERT INTO ponies_character (id, name, description, image) VALUES (299,'Gummy','Gummy is a small toothless green alligator who is kept as a pet by Pinkie Pie. He appears in various episodes accompanying Pinkie Pie and is often depicted gumming her. He is called Gummy Snap in some merchandise and other media.','https://static.wikia.nocookie.net/mlp/images/5/5c/Gummy_bathroom_floor_S1E15.png/revision/latest/scale-to-width-down/240?cb=20110809133006'); 
INSERT INTO ponies_AssocCharacterKind (Character_id, Kind_id) VALUES (299,75);

INSERT INTO ponies_character (id, name, description, image) VALUES (300,'Philomena','Philomena is Princess Celestia\'s pet phoenix, residing in Canterlot and introduced in A Bird in the Hoof.','https://static.wikia.nocookie.net/mlp/images/0/04/Philomena_renewed_S01E22.png/revision/latest/scale-to-width-down/240?cb=20110817224006'); 
INSERT INTO ponies_AssocCharacterKind (Character_id, Kind_id) VALUES (300,76);

INSERT INTO ponies_character (id, name, description, image) VALUES (301,'Owlowiscious','Owlowiscious is an owl who first appears in the season one episode Owl\'s Well That Ends Well and is adopted by Twilight Sparkle as her pet. He initially raises Spike\'s suspicions but eventually helps Twilight in rescuing Spike from another dragon. He appears again in multiple episodes throughout the series.','https://static.wikia.nocookie.net/mlp/images/d/d8/Owlowiscious_id_S3E11.png/revision/latest/scale-to-width-down/250?cb=20130128152325'); 
INSERT INTO ponies_AssocCharacterKind (Character_id, Kind_id) VALUES (301,77);

INSERT INTO ponies_character (id, name, description, image) VALUES (302,'Harry','Harry is a male bear and one of Fluttershy\'s animal companions. He is first mentioned in Party of One, he makes his first on-screen appearance in Lesson Zero, and he is first addressed by name in Scare Master.','https://static.wikia.nocookie.net/mlp/images/3/3a/Harry_ID_S3E03.png/revision/latest/scale-to-width-down/220?cb=20140123042554'); 
INSERT INTO ponies_AssocCharacterKind (Character_id, Kind_id) VALUES (302,78);

INSERT INTO ponies_character (id, name, description, image) VALUES (303,'Tank','Tank is a male tortoise who is first introduced in May the Best Pet Win! By the end of the episode, he becomes Rainbow Dash\'s pet and the first pet to be introduced in the second season.','https://static.wikia.nocookie.net/mlp/images/4/4d/Tank_flying_around_S2E7.png/revision/latest/scale-to-width-down/240?cb=20111121053051'); 
INSERT INTO ponies_AssocCharacterKind (Character_id, Kind_id) VALUES (303,79);

INSERT INTO ponies_character (id, name, description, image) VALUES (304,'Peewee','Peewee is a male phoenix and Spike\'s former pet, adopted by him in the season two episode Dragon Quest.','https://static.wikia.nocookie.net/mlp/images/a/ab/Peewee_ID_S8E11.png/revision/latest/scale-to-width-down/240?cb=20180529210039'); 
INSERT INTO ponies_AssocCharacterKind (Character_id, Kind_id) VALUES (304,76);

INSERT INTO ponies_character (id, name, description, image) VALUES (305,'Spike (EG)','Spike\'s dog counterpart appears and is mentioned throughout the My Little Pony Equestria Girls franchise. He is Twilight Sparkle\'s human counterpart\'s pet dog. He is named Spike the Dog in the opening credits of My Little Pony Equestria Girls: Friendship Games.','https://static.wikia.nocookie.net/mlp/images/f/f3/Spike_the_Dog_ID_EG3.png/revision/latest/scale-to-width-down/180?cb=20160617223136'); 
INSERT INTO ponies_AssocCharacterPlace (Character_id, Place_id) VALUES (305,118);
INSERT INTO ponies_AssocCharacterKind (Character_id, Kind_id) VALUES (305,80);

INSERT INTO ponies_character (id, name, description, image) VALUES (306,'List of non-pony characters','This is a list of non-pony characters in My Little Pony Friendship is Magic and associated media, including zebras, donkeys, dragons, and griffons. Official names are in bold. These names are mentioned in the show, in the comics, Hasbro\'s toy line, or stated by the show\'s crew. Names that are not in bold are placeholder names which are unofficial and are decided according to the placeholder names policy. Names in gray are up for vote. Colors and times are approximate.','null'); 
INSERT INTO ponies_AssocCharacterKind (Character_id, Kind_id) VALUES (306,81);

INSERT INTO ponies_character (id, name, description, image) VALUES (307,'Smoky\'s family','A family of raccoons consisting of at least patriarch Smoky, matriarch Softpad, and child Smoky Jr. appears in the series and the My Little Pony Equestria Girls franchise. They first appear in the season six episode The Saddle Row Review.','https://static.wikia.nocookie.net/mlp/images/6/62/Smoky%27s_raccoon_family_appears_S8E4.png/revision/latest/scale-to-width-down/250?cb=20180408155937'); 
INSERT INTO ponies_AssocCharacterPlace (Character_id, Place_id) VALUES (307,42);
INSERT INTO ponies_AssocCharacterKind (Character_id, Kind_id) VALUES (307,82);

INSERT INTO ponies_character (id, name, description, image) VALUES (308,'List of Equestria Girls characters','This is a sortable list of human world characters that appear in the My Little Pony Equestria Girls franchise\'s films, animated shorts, IDW comics, novelizations, and other merchandise. Official names are in bold. These names are mentioned in one of the films, used with merchandise, or stated by the film\'s crew. Names that are not in bold are placeholder names which are unofficial and are decided according to the placeholder names policy. Names in gray are up for vote. Colors and times are approximate.','null'); 

INSERT INTO ponies_character (id, name, description, image) VALUES (309,'Breezies','Breezies are a race of rare and intelligent magical creatures native to Equestria. They are first mentioned in the episode Three\'s A Crowd by Fluttershy, and they make their physical debut in It Ain\'t Easy Being Breezies.','https://static.wikia.nocookie.net/mlp/images/8/84/Breezies_worried_S4E16.png/revision/latest/scale-to-width-down/250?cb=20140303220536'); 
INSERT INTO ponies_AssocCharacterPlace (Character_id, Place_id) VALUES (309,215);

INSERT INTO ponies_character (id, name, description, image) VALUES (310,'Changelings','Changelings are a race of creatures in Equestria that first appear in A Canterlot Wedding - Part 2 as the secondary antagonists and the minions of Queen Chrysalis. They also appear in several other episodes and IDW comics.','https://static.wikia.nocookie.net/mlp/images/a/a3/Changelings_appear_to_help_Pharynx_S7E17.png/revision/latest/scale-to-width-down/225?cb=20170904180157'); 
INSERT INTO ponies_AssocCharacterPlace (Character_id, Place_id) VALUES (310,216);

INSERT INTO ponies_character (id, name, description, image) VALUES (311,'Creatures','My Little Pony Friendship is Magic hosts an array of creatures that have a counterpart in both mythology and fantasy, some of which are far more removed from their realistic counterpart than usual animals.','https://static.wikia.nocookie.net/mlp/images/2/21/Ahuizotl_ID_S9E21.png/revision/latest/scale-to-width-down/200?cb=20190924232500'); 
INSERT INTO ponies_AssocCharacterPlace (Character_id, Place_id) VALUES (311,112);
INSERT INTO ponies_AssocCharacterKind (Character_id, Kind_id) VALUES (311,83);

INSERT INTO ponies_character (id, name, description, image) VALUES (312,'Dragons','A variety of large lizard-like dragons is featured in the show. One of them, Spike, is one of the main characters in the series. A prominent dragon-like creature, Steven Magnet, is referred to as a sea serpent, and there is another dragon-like creature referred to as a hydra. The other dragons resemble classical European dragons, with large bodies, long necks and tails, scales, and bat-like wings.','https://static.wikia.nocookie.net/mlp/images/9/9b/Dragon_Sketch.jpg/revision/latest/scale-to-width-down/180?cb=20110830181958'); 
INSERT INTO ponies_AssocCharacterPlace (Character_id, Place_id) VALUES (312,269);

INSERT INTO ponies_character (id, name, description, image) VALUES (313,'Griffons','Griffons are a race of creatures in Equestria; according to The Bestiary of Equestria page 115, "their front half resembles an eagle with the talons and wings of such, whereas the back half is clearly that of a lion".[1] A griffon named Gilda first appears in Griffon the Brush Off, and various other griffons appear throughout the series and other material. Of the named griffons, around two-thirds have names beginning with the letter G.','https://static.wikia.nocookie.net/mlp/images/0/02/Gilda_sketch_by_Lauren_Faust.jpg/revision/latest/scale-to-width-down/250?cb=20110927160454'); 
INSERT INTO ponies_AssocCharacterPlace (Character_id, Place_id) VALUES (313,21);

INSERT INTO ponies_character (id, name, description, image) VALUES (314,'Parasprites','Parasprites are insect-like creatures that first appear in Swarm of the Century as the antagonists. The name "parasprite" is a portmanteau of parasite and sprite, a mythical forest creature from folklore. Lauren Faust had compared them to tribbles from Star Trek,[1] whose voracious appetites and rapid multiplication turn them from pets to pests.','null'); 

INSERT INTO ponies_character (id, name, description, image) VALUES (315,'Phoenixes','Phoenixes are magical birds that regenerate by bursting into flames and being born anew, as the first phoenix introduced in the series, Philomena, does at the end of A Bird in the Hoof.','https://static.wikia.nocookie.net/mlp/images/0/04/Philomena_renewed_S01E22.png/revision/latest/scale-to-width-down/250?cb=20110817224006'); 
INSERT INTO ponies_AssocCharacterPlace (Character_id, Place_id) VALUES (315,273);
INSERT INTO ponies_AssocCharacterKind (Character_id, Kind_id) VALUES (315,71);

INSERT INTO ponies_character (id, name, description, image) VALUES (316,'Seaponies and mermares','Seaponies and mermares are two races of aquatic pony-like creatures in Equestria, similar to sirens and kelpies, that appear and are alluded to in the series, My Little Pony The Movie, IDW comics, storybooks, and other media and merchandise. They are based on the real-life seahorse and mythological hippocampus.','https://static.wikia.nocookie.net/mlp/images/a/a1/Seaponies_listen_to_Princess_Skystar_sing_MLPTM.png/revision/latest/scale-to-width-down/240?cb=20180117025741'); 
INSERT INTO ponies_AssocCharacterPlace (Character_id, Place_id) VALUES (316,275);

INSERT INTO ponies_character (id, name, description, image) VALUES (317,'Timberwolves','Timberwolves are a race of wolf-like creatures that first appear in the season two episode Family Appreciation Day. Their name is a play on a real-life breed of wolf, the gray wolf, which is also known as the timber wolf.','https://static.wikia.nocookie.net/mlp/images/f/fa/The_timberwolves_about_to_eat_Spike_S3E9.png/revision/latest/scale-to-width-down/250?cb=20121231013745'); 
INSERT INTO ponies_AssocCharacterPlace (Character_id, Place_id) VALUES (317,277);

INSERT INTO ponies_character (id, name, description, image) VALUES (318,'Windigos','Windigos are a race of ghostly horse-like creatures that first appear in the season two episode Hearth\'s Warming Eve. They are winter spirits that feed off of the fighting and hatred between others and create blizzards and freezing weather.','https://static.wikia.nocookie.net/mlp/images/f/f5/Windigoes_look_on_S2E11.png/revision/latest/scale-to-width-down/250?cb=20111220041826'); 
INSERT INTO ponies_AssocCharacterKind (Character_id, Kind_id) VALUES (318,84);

INSERT INTO ponies_character (id, name, description, image) VALUES (319,'Cerberus','Cerberus is a giant three-headed dog that first appears in the episode It\'s About Time. He is responsible for guarding the gates of Tartarus.','https://static.wikia.nocookie.net/mlp/images/1/11/Cerberus_S2E20_thumb.png/revision/latest/scale-to-width-down/250?cb=20160428044557'); 
INSERT INTO ponies_AssocCharacterPlace (Character_id, Place_id) VALUES (319,282);
INSERT INTO ponies_AssocCharacterKind (Character_id, Kind_id) VALUES (319,85);

INSERT INTO ponies_character (id, name, description, image) VALUES (320,'Animals','Counterparts to both wild and domestic animals are featured throughout Equestria in various episodes. Most of these animals only have incidental roles or appearances. The level of intelligence these animals show can vary, even between members of the same species. Some animals, much like ponies, are also capable of speech or social interaction. In the My Little Pony Friendship Is Magic Season 1 DVD\'s commentary for Winter Wrap Up, executive Robert Fewkes said "the rule is only the hoofed creatures" can speak in the show (not counting mythological creatures).','data:image/gif;base64,R0lGODlhAQABAIABAAAAAP///yH5BAEAAAEALAAAAAABAAEAQAICTAEAOw%3D%3D'); 
INSERT INTO ponies_AssocCharacterPlace (Character_id, Place_id) VALUES (320,294);
INSERT INTO ponies_AssocCharacterKind (Character_id, Kind_id) VALUES (320,86);

